season,conf,division,team,wins,losses,ties,pct,div_rank,scored,allowed,net,sov,sos,seed,playoff
2021,AFC,AFC East,BUF,11,6,0,0.647059,1,483,289,194,0.427807,0.472318,3.0,LostDV
2021,AFC,AFC East,NE,10,7,0,0.588235,2,462,303,159,0.394118,0.480969,6.0,LostWC
2021,AFC,AFC East,MIA,9,8,0,0.529412,3,341,373,-32,0.379085,0.463668,,
2021,AFC,AFC East,NYJ,4,13,0,0.235294,4,310,504,-194,0.426471,0.512111,,
2021,AFC,AFC North,CIN,10,7,0,0.588235,1,460,376,84,0.461765,0.472318,4.0,LostSB
2021,AFC,AFC North,PIT,9,7,1,0.558824,2,343,398,-55,0.490196,0.520761,7.0,LostWC
2021,AFC,AFC North,BAL,8,9,0,0.470588,4,387,392,-5,0.459559,0.531142,,
2021,AFC,AFC North,CLE,8,9,0,0.470588,3,349,371,-22,0.415441,0.513841,,
2021,AFC,AFC South,TEN,12,5,0,0.705882,1,419,354,65,0.480392,0.472318,1.0,LostDV
2021,AFC,AFC South,IND,9,8,0,0.529412,2,451,365,86,0.431373,0.49481,,
2021,AFC,AFC South,HOU,4,13,0,0.235294,3,280,452,-172,0.397059,0.49827,,
2021,AFC,AFC South,JAX,3,14,0,0.176471,4,253,457,-204,0.568627,0.512111,,
2021,AFC,AFC West,KC,12,5,0,0.705882,1,480,364,116,0.517157,0.538062,2.0,LostCC
2021,AFC,AFC West,LV,10,7,0,0.588235,2,374,439,-65,0.514706,0.510381,5.0,LostWC
2021,AFC,AFC West,LAC,9,8,0,0.529412,3,474,459,15,0.5,0.510381,,
2021,AFC,AFC West,DEN,7,10,0,0.411765,4,335,322,13,0.357143,0.484429,,
2021,NFC,NFC East,DAL,12,5,0,0.705882,1,530,358,172,0.431373,0.487889,3.0,LostWC
2021,NFC,NFC East,PHI,9,8,0,0.529412,2,444,385,59,0.349673,0.468858,7.0,LostWC
2021,NFC,NFC East,WAS,7,10,0,0.411765,3,335,434,-99,0.420168,0.529412,,
2021,NFC,NFC East,NYG,4,13,0,0.235294,4,258,416,-158,0.485294,0.536332,,
2021,NFC,NFC North,GB,13,4,0,0.764706,1,450,371,79,0.479638,0.479239,1.0,LostDV
2021,NFC,NFC North,MIN,8,9,0,0.470588,2,425,426,-1,0.433824,0.50692,,
2021,NFC,NFC North,CHI,6,11,0,0.352941,3,311,407,-96,0.372549,0.524221,,
2021,NFC,NFC North,DET,3,13,1,0.205882,4,325,467,-142,0.627451,0.527682,,
2021,NFC,NFC South,TB,13,4,0,0.764706,1,511,353,158,0.443439,0.467128,2.0,LostDV
2021,NFC,NFC South,NO,9,8,0,0.529412,2,364,335,29,0.51634,0.512111,,
2021,NFC,NFC South,ATL,7,10,0,0.411765,3,313,459,-146,0.315126,0.472318,,
2021,NFC,NFC South,CAR,5,12,0,0.294118,4,304,404,-100,0.411765,0.508651,,
2021,NFC,NFC West,LA,12,5,0,0.705882,1,460,372,88,0.409314,0.482699,4.0,WonSB
2021,NFC,NFC West,ARI,11,6,0,0.647059,2,449,366,83,0.491979,0.489619,5.0,LostWC
2021,NFC,NFC West,SF,10,7,0,0.588235,3,427,365,62,0.438235,0.5,6.0,LostCC
2021,NFC,NFC West,SEA,7,10,0,0.411765,4,395,366,29,0.42437,0.519031,,
2022,AFC,AFC East,BUF,13,3,0,0.8125,1,455,286,169,0.470588,0.488971,2.0,LostDV
2022,AFC,AFC East,MIA,9,8,0,0.529412,2,397,399,-2,0.459559,0.53936,7.0,LostWC
2022,AFC,AFC East,NE,8,9,0,0.470588,3,364,347,17,0.415441,0.504758,,
2022,AFC,AFC East,NYJ,7,10,0,0.411765,4,296,316,-20,0.460609,0.54109,,
2022,AFC,AFC North,CIN,12,4,0,0.75,1,418,322,96,0.490196,0.507353,3.0,LostCC
2022,AFC,AFC North,BAL,10,7,0,0.588235,2,350,315,35,0.457353,0.511462,6.0,LostWC
2022,AFC,AFC North,PIT,9,8,0,0.529412,3,308,346,-38,0.452614,0.521843,,
2022,AFC,AFC North,CLE,7,10,0,0.411765,4,361,381,-20,0.493697,0.527033,,
2022,AFC,AFC South,JAX,9,8,0,0.529412,1,404,350,54,0.437909,0.467128,4.0,LostDV
2022,AFC,AFC South,TEN,7,10,0,0.411765,2,298,359,-61,0.336134,0.510597,,
2022,AFC,AFC South,IND,4,12,1,0.264706,3,289,427,-138,0.5,0.512111,,
2022,AFC,AFC South,HOU,3,13,1,0.205882,4,289,420,-131,0.401961,0.480969,,
2022,AFC,AFC West,KC,14,3,0,0.823529,1,496,369,127,0.422269,0.455234,1.0,WonSB
2022,AFC,AFC West,LAC,10,7,0,0.588235,2,391,384,7,0.341176,0.442907,5.0,LostWC
2022,AFC,AFC West,LV,6,11,0,0.352941,3,395,418,-23,0.397059,0.474048,,
2022,AFC,AFC West,DEN,5,12,0,0.294118,4,287,359,-72,0.464706,0.480969,,
2022,NFC,NFC East,PHI,14,3,0,0.823529,1,477,344,133,0.460084,0.474048,1.0,LostSB
2022,NFC,NFC East,DAL,12,5,0,0.705882,2,467,342,125,0.48652,0.507785,5.0,LostDV
2022,NFC,NFC East,NYG,9,7,1,0.558824,3,365,371,-6,0.395425,0.525952,6.0,LostDV
2022,NFC,NFC East,WAS,8,8,1,0.5,4,321,343,-22,0.448529,0.536332,,
2022,NFC,NFC North,MIN,13,4,0,0.764706,1,424,427,-3,0.426753,0.47513,3.0,LostWC
2022,NFC,NFC North,DET,9,8,0,0.529412,2,453,427,26,0.45098,0.535683,,
2022,NFC,NFC North,GB,8,9,0,0.470588,3,370,371,-1,0.448529,0.525303,,
2022,NFC,NFC North,CHI,3,14,0,0.176471,4,326,463,-137,0.480392,0.572016,,
2022,NFC,NFC South,TB,8,9,0,0.470588,1,313,358,-45,0.426471,0.504325,4.0,LostWC
2022,NFC,NFC South,ATL,7,10,0,0.411765,4,365,386,-21,0.428571,0.467993,,
2022,NFC,NFC South,CAR,7,10,0,0.411765,2,347,374,-27,0.436975,0.474914,,
2022,NFC,NFC South,NO,7,10,0,0.411765,3,330,345,-15,0.462185,0.507785,,
2022,NFC,NFC West,SF,13,4,0,0.764706,1,450,277,173,0.414027,0.416955,2.0,LostCC
2022,NFC,NFC West,SEA,9,8,0,0.529412,2,407,401,6,0.382353,0.461938,7.0,LostWC
2022,NFC,NFC West,LA,5,12,0,0.294118,3,307,384,-77,0.341176,0.518382,,
2022,NFC,NFC West,ARI,4,13,0,0.235294,4,340,449,-109,0.367647,0.529412,,
2023,AFC,AFC East,BUF,11,6,0,0.647059,1,451,311,140,0.470588,0.470588,2.0,LostDV
2023,AFC,AFC East,MIA,11,6,0,0.647059,2,496,391,105,0.358289,0.449827,6.0,LostWC
2023,AFC,AFC East,NYJ,7,10,0,0.411765,3,268,355,-87,0.453782,0.50173,,
2023,AFC,AFC East,NE,4,13,0,0.235294,4,236,366,-130,0.529412,0.522491,,
2023,AFC,AFC North,BAL,13,4,0,0.764706,1,483,280,203,0.529412,0.543253,1.0,LostCC
2023,AFC,AFC North,CLE,11,6,0,0.647059,2,396,362,34,0.513369,0.536332,5.0,LostWC
2023,AFC,AFC North,PIT,10,7,0,0.588235,3,304,324,-20,0.570588,0.539792,7.0,LostWC
2023,AFC,AFC North,CIN,9,8,0,0.529412,4,366,384,-18,0.535948,0.574394,,
2023,AFC,AFC South,HOU,10,7,0,0.588235,1,377,353,24,0.464706,0.474048,4.0,LostDV
2023,AFC,AFC South,IND,9,8,0,0.529412,3,396,415,-19,0.444444,0.491349,,
2023,AFC,AFC South,JAX,9,8,0,0.529412,2,377,371,6,0.477124,0.532872,,
2023,AFC,AFC South,TEN,6,11,0,0.352941,4,305,367,-62,0.421569,0.522491,,
2023,AFC,AFC West,KC,11,6,0,0.647059,1,371,294,77,0.427807,0.480969,3.0,
2023,AFC,AFC West,DEN,8,9,0,0.470588,3,357,413,-56,0.485294,0.487889,,
2023,AFC,AFC West,LV,8,9,0,0.470588,2,332,331,1,0.426471,0.487889,,
2023,AFC,AFC West,LAC,5,12,0,0.294118,4,346,398,-52,0.388235,0.529412,,
2023,NFC,NFC East,DAL,12,5,0,0.705882,1,509,315,194,0.392157,0.446367,2.0,LostWC
2023,NFC,NFC East,PHI,11,6,0,0.647059,2,433,428,5,0.475936,0.480969,5.0,LostWC
2023,NFC,NFC East,NYG,6,11,0,0.352941,3,266,407,-141,0.352941,0.512111,,
2023,NFC,NFC East,WAS,4,13,0,0.235294,4,329,518,-189,0.338235,0.512111,,
2023,NFC,NFC North,DET,12,5,0,0.705882,1,461,395,66,0.436274,0.480969,3.0,LostCC
2023,NFC,NFC North,GB,9,8,0,0.529412,2,383,350,33,0.457516,0.474048,7.0,LostDV
2023,NFC,NFC North,CHI,7,10,0,0.411765,4,360,379,-19,0.369748,0.463668,,
2023,NFC,NFC North,MIN,7,10,0,0.411765,3,344,362,-18,0.453782,0.508651,,
2023,NFC,NFC South,NO,9,8,0,0.529412,2,402,327,75,0.339869,0.432526,,
2023,NFC,NFC South,TB,9,8,0,0.529412,1,348,325,23,0.379085,0.480969,4.0,LostDV
2023,NFC,NFC South,ATL,7,10,0,0.411765,3,321,373,-52,0.462185,0.429066,,
2023,NFC,NFC South,CAR,2,15,0,0.117647,4,236,416,-180,0.5,0.522491,,
2023,NFC,NFC West,SF,12,5,0,0.705882,1,491,298,193,0.47549,0.508651,1.0,
2023,NFC,NFC West,LA,10,7,0,0.588235,2,404,377,27,0.452941,0.529412,6.0,LostWC
2023,NFC,NFC West,SEA,9,8,0,0.529412,3,364,402,-38,0.392157,0.512111,,
2023,NFC,NFC West,ARI,4,13,0,0.235294,4,330,455,-125,0.588235,0.560554,,
2024,AFC,AFC East,BUF,13,4,0,0.764706,1,525,368,157,0.447964,0.467128,2.0,LostCC
2024,AFC,AFC East,MIA,8,9,0,0.470588,2,345,364,-19,0.294118,0.418685,,
2024,AFC,AFC East,NYJ,5,12,0,0.294118,3,338,404,-66,0.341176,0.49481,,
2024,AFC,AFC East,NE,4,13,0,0.235294,4,289,417,-128,0.470588,0.470588,,
2024,AFC,AFC North,BAL,12,5,0,0.705882,1,518,361,157,0.52451,0.529412,3.0,LostDV
2024,AFC,AFC North,PIT,10,7,0,0.588235,2,380,347,33,0.452941,0.50173,6.0,LostWC
2024,AFC,AFC North,CIN,9,8,0,0.529412,3,472,434,38,0.313726,0.477509,,
2024,AFC,AFC North,CLE,3,14,0,0.176471,4,258,435,-177,0.509804,0.536332,,
2024,AFC,AFC South,HOU,10,7,0,0.588235,1,372,372,0,0.376471,0.480969,4.0,LostDV
2024,AFC,AFC South,IND,8,9,0,0.470588,2,377,427,-50,0.308824,0.456747,,
2024,AFC,AFC South,JAX,4,13,0,0.235294,3,320,435,-115,0.264706,0.477509,,
2024,AFC,AFC South,TEN,3,14,0,0.176471,4,311,460,-149,0.431373,0.522491,,
2024,AFC,AFC West,KC,15,2,0,0.882353,1,385,326,59,0.462745,0.487889,1.0,LostSB
2024,AFC,AFC West,LAC,11,6,0,0.647059,2,402,301,101,0.347594,0.467128,5.0,LostWC
2024,AFC,AFC West,DEN,10,7,0,0.588235,3,425,311,114,0.394118,0.50173,7.0,LostWC
2024,AFC,AFC West,LV,4,13,0,0.235294,4,309,434,-125,0.352941,0.539792,,
2024,NFC,NFC East,PHI,14,3,0,0.823529,1,463,303,160,0.42437,0.453287,2.0,WonSB
2024,NFC,NFC East,WAS,12,5,0,0.705882,2,485,391,94,0.357843,0.435986,6.0,LostCC
2024,NFC,NFC East,DAL,7,10,0,0.411765,3,350,468,-118,0.386555,0.522491,,
2024,NFC,NFC East,NYG,3,14,0,0.176471,4,273,415,-142,0.411765,0.553633,,
2024,NFC,NFC North,DET,15,2,0,0.882353,1,564,342,222,0.494118,0.515571,1.0,LostDV
2024,NFC,NFC North,MIN,14,3,0,0.823529,2,432,332,100,0.407563,0.474048,5.0,LostWC
2024,NFC,NFC North,GB,11,6,0,0.647059,3,460,338,122,0.411765,0.532872,7.0,LostWC
2024,NFC,NFC North,CHI,5,12,0,0.294118,4,310,370,-60,0.388235,0.553633,,
2024,NFC,NFC South,TB,10,7,0,0.588235,1,502,385,117,0.464706,0.50173,3.0,LostWC
2024,NFC,NFC South,ATL,8,9,0,0.470588,2,389,423,-34,0.426471,0.519031,,
2024,NFC,NFC South,CAR,5,12,0,0.294118,3,341,534,-193,0.329412,0.49827,,
2024,NFC,NFC South,NO,5,12,0,0.294118,4,338,398,-60,0.305882,0.50519,,
2024,NFC,NFC West,LA,10,7,0,0.588235,1,367,386,-19,0.441176,0.50519,4.0,LostDV
2024,NFC,NFC West,SEA,10,7,0,0.588235,2,375,368,7,0.423529,0.49827,,
2024,NFC,NFC West,ARI,8,9,0,0.470588,3,400,379,21,0.404412,0.536332,,
2024,NFC,NFC West,SF,6,11,0,0.352941,4,389,436,-47,0.401961,0.564014,,
2025,AFC,AFC East,NE,14,3,0,0.823529,1,490,320,170,0.369748,0.391003,2.0,
2025,AFC,AFC East,BUF,12,5,0,0.705882,2,481,365,116,0.411765,0.470588,6.0,LostDV
2025,AFC,AFC East,MIA,7,10,0,0.411765,3,347,424,-77,0.378151,0.487889,,
2025,AFC,AFC East,NYJ,3,14,0,0.176471,4,300,503,-203,0.372549,0.551903,,
2025,AFC,AFC North,PIT,10,7,0,0.588235,1,397,387,10,0.452941,0.50346,4.0,LostWC
2025,AFC,AFC North,BAL,8,9,0,0.470588,2,424,398,26,0.408088,0.50692,,
2025,AFC,AFC North,CIN,6,11,0,0.352941,3,414,492,-78,0.45098,0.520761,,
2025,AFC,AFC North,CLE,5,12,0,0.294118,4,279,379,-100,0.417647,0.486159,,
2025,AFC,AFC South,JAX,13,4,0,0.764706,1,474,336,138,0.425339,0.477509,3.0,LostWC
2025,AFC,AFC South,HOU,12,5,0,0.705882,2,404,295,109,0.441176,0.522491,5.0,LostDV
2025,AFC,AFC South,IND,8,9,0,0.470588,3,466,412,54,0.382353,0.539792,,
2025,AFC,AFC South,TEN,3,14,0,0.176471,4,284,478,-194,0.27451,0.574394,,
2025,AFC,AFC West,DEN,14,3,0,0.823529,1,401,311,90,0.378151,0.422145,1.0,LostCC
2025,AFC,AFC West,LAC,11,6,0,0.647059,2,368,340,28,0.425134,0.468858,7.0,LostWC
2025,AFC,AFC West,KC,6,11,0,0.352941,3,362,328,34,0.362745,0.513841,,
2025,AFC,AFC West,LV,3,14,0,0.176471,4,241,432,-191,0.45098,0.538062,,
2025,NFC,NFC East,PHI,11,6,0,0.647059,1,379,325,54,0.454545,0.475779,3.0,LostWC
2025,NFC,NFC East,DAL,7,9,1,0.441176,2,471,511,-40,0.310924,0.437716,,
2025,NFC,NFC East,WAS,5,12,0,0.294118,3,356,451,-95,0.388235,0.50692,,
2025,NFC,NFC East,NYG,4,13,0,0.235294,4,381,439,-58,0.477941,0.524221,,
2025,NFC,NFC North,CHI,11,6,0,0.647059,1,441,415,26,0.406417,0.458477,2.0,LostDV
2025,NFC,NFC North,DET,9,8,0,0.529412,4,481,413,68,0.428105,0.489619,,
2025,NFC,NFC North,GB,9,7,1,0.558824,2,391,360,31,0.431373,0.482699,7.0,LostWC
2025,NFC,NFC North,MIN,9,8,0,0.529412,3,344,333,11,0.431373,0.513841,,
2025,NFC,NFC South,ATL,8,9,0,0.470588,3,353,401,-48,0.448529,0.49481,,
2025,NFC,NFC South,CAR,8,9,0,0.470588,1,311,380,-69,0.463235,0.522491,4.0,LostWC
2025,NFC,NFC South,TB,8,9,0,0.470588,2,380,411,-31,0.485294,0.529412,,
2025,NFC,NFC South,NO,6,11,0,0.352941,4,306,383,-77,0.333333,0.49481,,
2025,NFC,NFC West,SEA,14,3,0,0.823529,1,483,292,191,0.470588,0.49827,1.0,
2025,NFC,NFC West,LA,12,5,0,0.705882,2,518,346,172,0.485294,0.525952,5.0,LostCC
2025,NFC,NFC West,SF,12,5,0,0.705882,3,437,371,66,0.416667,0.49827,6.0,LostDV
2025,NFC,NFC West,ARI,3,14,0,0.176471,4,355,488,-133,0.421569,0.570934,,
2026,AFC,AFC East,BUF,0,0,0,0.5,1,0,0,0,0.0,0.5,,
2026,AFC,AFC East,MIA,0,0,0,0.5,2,0,0,0,0.0,0.5,,
2026,AFC,AFC East,NE,0,0,0,0.5,3,0,0,0,0.0,0.5,,
2026,AFC,AFC East,NYJ,0,0,0,0.5,4,0,0,0,0.0,0.5,,
2026,AFC,AFC North,BAL,0,0,0,0.5,1,0,0,0,0.0,0.5,,
2026,AFC,AFC North,CIN,0,0,0,0.5,2,0,0,0,0.0,0.5,,
2026,AFC,AFC North,CLE,0,0,0,0.5,3,0,0,0,0.0,0.5,,
2026,AFC,AFC North,PIT,0,0,0,0.5,4,0,0,0,0.0,0.5,,
2026,AFC,AFC South,HOU,0,0,0,0.5,1,0,0,0,0.0,0.5,,
2026,AFC,AFC South,IND,0,0,0,0.5,2,0,0,0,0.0,0.5,,
2026,AFC,AFC South,JAX,0,0,0,0.5,3,0,0,0,0.0,0.5,,
2026,AFC,AFC South,TEN,0,0,0,0.5,4,0,0,0,0.0,0.5,,
2026,AFC,AFC West,DEN,0,0,0,0.5,1,0,0,0,0.0,0.5,,
2026,AFC,AFC West,KC,0,0,0,0.5,2,0,0,0,0.0,0.5,,
2026,AFC,AFC West,LAC,0,0,0,0.5,3,0,0,0,0.0,0.5,,
2026,AFC,AFC West,LV,0,0,0,0.5,4,0,0,0,0.0,0.5,,
2026,NFC,NFC East,DAL,0,0,0,0.5,1,0,0,0,0.0,0.5,,
2026,NFC,NFC East,NYG,0,0,0,0.5,2,0,0,0,0.0,0.5,,
2026,NFC,NFC East,PHI,0,0,0,0.5,3,0,0,0,0.0,0.5,,
2026,NFC,NFC East,WAS,0,0,0,0.5,4,0,0,0,0.0,0.5,,
2026,NFC,NFC North,CHI,0,0,0,0.5,1,0,0,0,0.0,0.5,,
2026,NFC,NFC North,DET,0,0,0,0.5,2,0,0,0,0.0,0.5,,
2026,NFC,NFC North,GB,0,0,0,0.5,3,0,0,0,0.0,0.5,,
2026,NFC,NFC North,MIN,0,0,0,0.5,4,0,0,0,0.0,0.5,,
2026,NFC,NFC South,ATL,0,0,0,0.5,1,0,0,0,0.0,0.5,,
2026,NFC,NFC South,CAR,0,0,0,0.5,2,0,0,0,0.0,0.5,,
2026,NFC,NFC South,NO,0,0,0,0.5,3,0,0,0,0.0,0.5,,
2026,NFC,NFC South,TB,0,0,0,0.5,4,0,0,0,0.0,0.5,,
2026,NFC,NFC West,ARI,0,0,0,0.5,1,0,0,0,0.0,0.5,,
2026,NFC,NFC West,LA,0,0,0,0.5,2,0,0,0,0.0,0.5,,
2026,NFC,NFC West,SEA,0,0,0,0.5,3,0,0,0,0.0,0.5,,
2026,NFC,NFC West,SF,0,0,0,0.5,4,0,0,0,0.0,0.5,,
