game_id,season,game_type,week,gameday,team,opponent,team_score,opp_score,is_home,win,loss,tie,point_diff,cum_wins,cum_losses,cum_point_diff
2025_01_ARI_NO,2025,REG,1,2025-09-07,ARI,NO,20.0,13.0,False,True,False,False,7.0,1,0,7.0
2025_02_CAR_ARI,2025,REG,2,2025-09-14,ARI,CAR,27.0,22.0,True,True,False,False,5.0,2,0,12.0
2025_03_ARI_SF,2025,REG,3,2025-09-21,ARI,SF,15.0,16.0,False,False,True,False,-1.0,2,1,11.0
2025_04_SEA_ARI,2025,REG,4,2025-09-25,ARI,SEA,20.0,23.0,True,False,True,False,-3.0,2,2,8.0
2025_05_TEN_ARI,2025,REG,5,2025-10-05,ARI,TEN,21.0,22.0,True,False,True,False,-1.0,2,3,7.0
2025_06_ARI_IND,2025,REG,6,2025-10-12,ARI,IND,27.0,31.0,False,False,True,False,-4.0,2,4,3.0
2025_07_GB_ARI,2025,REG,7,2025-10-19,ARI,GB,23.0,27.0,True,False,True,False,-4.0,2,5,-1.0
2025_09_ARI_DAL,2025,REG,9,2025-11-03,ARI,DAL,27.0,17.0,False,True,False,False,10.0,3,5,9.0
2025_10_ARI_SEA,2025,REG,10,2025-11-09,ARI,SEA,22.0,44.0,False,False,True,False,-22.0,3,6,-13.0
2025_11_SF_ARI,2025,REG,11,2025-11-16,ARI,SF,22.0,41.0,True,False,True,False,-19.0,3,7,-32.0
2025_12_JAX_ARI,2025,REG,12,2025-11-23,ARI,JAX,24.0,27.0,True,False,True,False,-3.0,3,8,-35.0
2025_13_ARI_TB,2025,REG,13,2025-11-30,ARI,TB,17.0,20.0,False,False,True,False,-3.0,3,9,-38.0
2025_14_LA_ARI,2025,REG,14,2025-12-07,ARI,LA,17.0,45.0,True,False,True,False,-28.0,3,10,-66.0
2025_15_ARI_HOU,2025,REG,15,2025-12-14,ARI,HOU,20.0,40.0,False,False,True,False,-20.0,3,11,-86.0
2025_16_ATL_ARI,2025,REG,16,2025-12-21,ARI,ATL,19.0,26.0,True,False,True,False,-7.0,3,12,-93.0
2025_17_ARI_CIN,2025,REG,17,2025-12-28,ARI,CIN,14.0,37.0,False,False,True,False,-23.0,3,13,-116.0
2025_18_ARI_LA,2025,REG,18,2026-01-04,ARI,LA,20.0,37.0,False,False,True,False,-17.0,3,14,-133.0
2025_01_TB_ATL,2025,REG,1,2025-09-07,ATL,TB,20.0,23.0,True,False,True,False,-3.0,0,1,-3.0
2025_02_ATL_MIN,2025,REG,2,2025-09-14,ATL,MIN,22.0,6.0,False,True,False,False,16.0,1,1,13.0
2025_03_ATL_CAR,2025,REG,3,2025-09-21,ATL,CAR,0.0,30.0,False,False,True,False,-30.0,1,2,-17.0
2025_04_WAS_ATL,2025,REG,4,2025-09-28,ATL,WAS,34.0,27.0,True,True,False,False,7.0,2,2,-10.0
2025_06_BUF_ATL,2025,REG,6,2025-10-13,ATL,BUF,24.0,14.0,True,True,False,False,10.0,3,2,0.0
2025_07_ATL_SF,2025,REG,7,2025-10-19,ATL,SF,10.0,20.0,False,False,True,False,-10.0,3,3,-10.0
2025_08_MIA_ATL,2025,REG,8,2025-10-26,ATL,MIA,10.0,34.0,True,False,True,False,-24.0,3,4,-34.0
2025_09_ATL_NE,2025,REG,9,2025-11-02,ATL,NE,23.0,24.0,False,False,True,False,-1.0,3,5,-35.0
2025_10_ATL_IND,2025,REG,10,2025-11-09,ATL,IND,25.0,31.0,False,False,True,False,-6.0,3,6,-41.0
2025_11_CAR_ATL,2025,REG,11,2025-11-16,ATL,CAR,27.0,30.0,True,False,True,False,-3.0,3,7,-44.0
2025_12_ATL_NO,2025,REG,12,2025-11-23,ATL,NO,24.0,10.0,False,True,False,False,14.0,4,7,-30.0
2025_13_ATL_NYJ,2025,REG,13,2025-11-30,ATL,NYJ,24.0,27.0,False,False,True,False,-3.0,4,8,-33.0
2025_14_SEA_ATL,2025,REG,14,2025-12-07,ATL,SEA,9.0,37.0,True,False,True,False,-28.0,4,9,-61.0
2025_15_ATL_TB,2025,REG,15,2025-12-11,ATL,TB,29.0,28.0,False,True,False,False,1.0,5,9,-60.0
2025_16_ATL_ARI,2025,REG,16,2025-12-21,ATL,ARI,26.0,19.0,False,True,False,False,7.0,6,9,-53.0
2025_17_LA_ATL,2025,REG,17,2025-12-29,ATL,LA,27.0,24.0,True,True,False,False,3.0,7,9,-50.0
2025_18_NO_ATL,2025,REG,18,2026-01-04,ATL,NO,19.0,17.0,True,True,False,False,2.0,8,9,-48.0
2025_01_BAL_BUF,2025,REG,1,2025-09-07,BAL,BUF,40.0,41.0,False,False,True,False,-1.0,0,1,-1.0
2025_02_CLE_BAL,2025,REG,2,2025-09-14,BAL,CLE,41.0,17.0,True,True,False,False,24.0,1,1,23.0
2025_03_DET_BAL,2025,REG,3,2025-09-22,BAL,DET,30.0,38.0,True,False,True,False,-8.0,1,2,15.0
2025_04_BAL_KC,2025,REG,4,2025-09-28,BAL,KC,20.0,37.0,False,False,True,False,-17.0,1,3,-2.0
2025_05_HOU_BAL,2025,REG,5,2025-10-05,BAL,HOU,10.0,44.0,True,False,True,False,-34.0,1,4,-36.0
2025_06_LA_BAL,2025,REG,6,2025-10-12,BAL,LA,3.0,17.0,True,False,True,False,-14.0,1,5,-50.0
2025_08_CHI_BAL,2025,REG,8,2025-10-26,BAL,CHI,30.0,16.0,True,True,False,False,14.0,2,5,-36.0
2025_09_BAL_MIA,2025,REG,9,2025-10-30,BAL,MIA,28.0,6.0,False,True,False,False,22.0,3,5,-14.0
2025_10_BAL_MIN,2025,REG,10,2025-11-09,BAL,MIN,27.0,19.0,False,True,False,False,8.0,4,5,-6.0
2025_11_BAL_CLE,2025,REG,11,2025-11-16,BAL,CLE,23.0,16.0,False,True,False,False,7.0,5,5,1.0
2025_12_NYJ_BAL,2025,REG,12,2025-11-23,BAL,NYJ,23.0,10.0,True,True,False,False,13.0,6,5,14.0
2025_13_CIN_BAL,2025,REG,13,2025-11-27,BAL,CIN,14.0,32.0,True,False,True,False,-18.0,6,6,-4.0
2025_14_PIT_BAL,2025,REG,14,2025-12-07,BAL,PIT,22.0,27.0,True,False,True,False,-5.0,6,7,-9.0
2025_15_BAL_CIN,2025,REG,15,2025-12-14,BAL,CIN,24.0,0.0,False,True,False,False,24.0,7,7,15.0
2025_16_NE_BAL,2025,REG,16,2025-12-21,BAL,NE,24.0,28.0,True,False,True,False,-4.0,7,8,11.0
2025_17_BAL_GB,2025,REG,17,2025-12-27,BAL,GB,41.0,24.0,False,True,False,False,17.0,8,8,28.0
2025_18_BAL_PIT,2025,REG,18,2026-01-04,BAL,PIT,24.0,26.0,False,False,True,False,-2.0,8,9,26.0
2025_01_BAL_BUF,2025,REG,1,2025-09-07,BUF,BAL,41.0,40.0,True,True,False,False,1.0,1,0,1.0
2025_02_BUF_NYJ,2025,REG,2,2025-09-14,BUF,NYJ,30.0,10.0,False,True,False,False,20.0,2,0,21.0
2025_03_MIA_BUF,2025,REG,3,2025-09-18,BUF,MIA,31.0,21.0,True,True,False,False,10.0,3,0,31.0
2025_04_NO_BUF,2025,REG,4,2025-09-28,BUF,NO,31.0,19.0,True,True,False,False,12.0,4,0,43.0
2025_05_NE_BUF,2025,REG,5,2025-10-05,BUF,NE,20.0,23.0,True,False,True,False,-3.0,4,1,40.0
2025_06_BUF_ATL,2025,REG,6,2025-10-13,BUF,ATL,14.0,24.0,False,False,True,False,-10.0,4,2,30.0
2025_08_BUF_CAR,2025,REG,8,2025-10-26,BUF,CAR,40.0,9.0,False,True,False,False,31.0,5,2,61.0
2025_09_KC_BUF,2025,REG,9,2025-11-02,BUF,KC,28.0,21.0,True,True,False,False,7.0,6,2,68.0
2025_10_BUF_MIA,2025,REG,10,2025-11-09,BUF,MIA,13.0,30.0,False,False,True,False,-17.0,6,3,51.0
2025_11_TB_BUF,2025,REG,11,2025-11-16,BUF,TB,44.0,32.0,True,True,False,False,12.0,7,3,63.0
2025_12_BUF_HOU,2025,REG,12,2025-11-20,BUF,HOU,19.0,23.0,False,False,True,False,-4.0,7,4,59.0
2025_13_BUF_PIT,2025,REG,13,2025-11-30,BUF,PIT,26.0,7.0,False,True,False,False,19.0,8,4,78.0
2025_14_CIN_BUF,2025,REG,14,2025-12-07,BUF,CIN,39.0,34.0,True,True,False,False,5.0,9,4,83.0
2025_15_BUF_NE,2025,REG,15,2025-12-14,BUF,NE,35.0,31.0,False,True,False,False,4.0,10,4,87.0
2025_16_BUF_CLE,2025,REG,16,2025-12-21,BUF,CLE,23.0,20.0,False,True,False,False,3.0,11,4,90.0
2025_17_PHI_BUF,2025,REG,17,2025-12-28,BUF,PHI,12.0,13.0,True,False,True,False,-1.0,11,5,89.0
2025_18_NYJ_BUF,2025,REG,18,2026-01-04,BUF,NYJ,35.0,8.0,True,True,False,False,27.0,12,5,116.0
2025_19_BUF_JAX,2025,WC,19,2026-01-11,BUF,JAX,27.0,24.0,False,True,False,False,3.0,13,5,119.0
2025_20_BUF_DEN,2025,DIV,20,2026-01-17,BUF,DEN,30.0,33.0,False,False,True,False,-3.0,13,6,116.0
2025_01_CAR_JAX,2025,REG,1,2025-09-07,CAR,JAX,10.0,26.0,False,False,True,False,-16.0,0,1,-16.0
2025_02_CAR_ARI,2025,REG,2,2025-09-14,CAR,ARI,22.0,27.0,False,False,True,False,-5.0,0,2,-21.0
2025_03_ATL_CAR,2025,REG,3,2025-09-21,CAR,ATL,30.0,0.0,True,True,False,False,30.0,1,2,9.0
2025_04_CAR_NE,2025,REG,4,2025-09-28,CAR,NE,13.0,42.0,False,False,True,False,-29.0,1,3,-20.0
2025_05_MIA_CAR,2025,REG,5,2025-10-05,CAR,MIA,27.0,24.0,True,True,False,False,3.0,2,3,-17.0
2025_06_DAL_CAR,2025,REG,6,2025-10-12,CAR,DAL,30.0,27.0,True,True,False,False,3.0,3,3,-14.0
2025_07_CAR_NYJ,2025,REG,7,2025-10-19,CAR,NYJ,13.0,6.0,False,True,False,False,7.0,4,3,-7.0
2025_08_BUF_CAR,2025,REG,8,2025-10-26,CAR,BUF,9.0,40.0,True,False,True,False,-31.0,4,4,-38.0
2025_09_CAR_GB,2025,REG,9,2025-11-02,CAR,GB,16.0,13.0,False,True,False,False,3.0,5,4,-35.0
2025_10_NO_CAR,2025,REG,10,2025-11-09,CAR,NO,7.0,17.0,True,False,True,False,-10.0,5,5,-45.0
2025_11_CAR_ATL,2025,REG,11,2025-11-16,CAR,ATL,30.0,27.0,False,True,False,False,3.0,6,5,-42.0
2025_12_CAR_SF,2025,REG,12,2025-11-24,CAR,SF,9.0,20.0,False,False,True,False,-11.0,6,6,-53.0
2025_13_LA_CAR,2025,REG,13,2025-11-30,CAR,LA,31.0,28.0,True,True,False,False,3.0,7,6,-50.0
2025_15_CAR_NO,2025,REG,15,2025-12-14,CAR,NO,17.0,20.0,False,False,True,False,-3.0,7,7,-53.0
2025_16_TB_CAR,2025,REG,16,2025-12-21,CAR,TB,23.0,20.0,True,True,False,False,3.0,8,7,-50.0
2025_17_SEA_CAR,2025,REG,17,2025-12-28,CAR,SEA,10.0,27.0,True,False,True,False,-17.0,8,8,-67.0
2025_18_CAR_TB,2025,REG,18,2026-01-03,CAR,TB,14.0,16.0,False,False,True,False,-2.0,8,9,-69.0
2025_19_LA_CAR,2025,WC,19,2026-01-10,CAR,LA,31.0,34.0,True,False,True,False,-3.0,8,10,-72.0
2025_01_MIN_CHI,2025,REG,1,2025-09-08,CHI,MIN,24.0,27.0,True,False,True,False,-3.0,0,1,-3.0
2025_02_CHI_DET,2025,REG,2,2025-09-14,CHI,DET,21.0,52.0,False,False,True,False,-31.0,0,2,-34.0
2025_03_DAL_CHI,2025,REG,3,2025-09-21,CHI,DAL,31.0,14.0,True,True,False,False,17.0,1,2,-17.0
2025_04_CHI_LV,2025,REG,4,2025-09-28,CHI,LV,25.0,24.0,False,True,False,False,1.0,2,2,-16.0
2025_06_CHI_WAS,2025,REG,6,2025-10-13,CHI,WAS,25.0,24.0,False,True,False,False,1.0,3,2,-15.0
2025_07_NO_CHI,2025,REG,7,2025-10-19,CHI,NO,26.0,14.0,True,True,False,False,12.0,4,2,-3.0
2025_08_CHI_BAL,2025,REG,8,2025-10-26,CHI,BAL,16.0,30.0,False,False,True,False,-14.0,4,3,-17.0
2025_09_CHI_CIN,2025,REG,9,2025-11-02,CHI,CIN,47.0,42.0,False,True,False,False,5.0,5,3,-12.0
2025_10_NYG_CHI,2025,REG,10,2025-11-09,CHI,NYG,24.0,20.0,True,True,False,False,4.0,6,3,-8.0
2025_11_CHI_MIN,2025,REG,11,2025-11-16,CHI,MIN,19.0,17.0,False,True,False,False,2.0,7,3,-6.0
2025_12_PIT_CHI,2025,REG,12,2025-11-23,CHI,PIT,31.0,28.0,True,True,False,False,3.0,8,3,-3.0
2025_13_CHI_PHI,2025,REG,13,2025-11-28,CHI,PHI,24.0,15.0,False,True,False,False,9.0,9,3,6.0
2025_14_CHI_GB,2025,REG,14,2025-12-07,CHI,GB,21.0,28.0,False,False,True,False,-7.0,9,4,-1.0
2025_15_CLE_CHI,2025,REG,15,2025-12-14,CHI,CLE,31.0,3.0,True,True,False,False,28.0,10,4,27.0
2025_16_GB_CHI,2025,REG,16,2025-12-20,CHI,GB,22.0,16.0,True,True,False,False,6.0,11,4,33.0
2025_17_CHI_SF,2025,REG,17,2025-12-28,CHI,SF,38.0,42.0,False,False,True,False,-4.0,11,5,29.0
2025_18_DET_CHI,2025,REG,18,2026-01-04,CHI,DET,16.0,19.0,True,False,True,False,-3.0,11,6,26.0
2025_19_GB_CHI,2025,WC,19,2026-01-10,CHI,GB,31.0,27.0,True,True,False,False,4.0,12,6,30.0
2025_20_LA_CHI,2025,DIV,20,2026-01-18,CHI,LA,17.0,20.0,True,False,True,False,-3.0,12,7,27.0
2025_01_CIN_CLE,2025,REG,1,2025-09-07,CIN,CLE,17.0,16.0,False,True,False,False,1.0,1,0,1.0
2025_02_JAX_CIN,2025,REG,2,2025-09-14,CIN,JAX,31.0,27.0,True,True,False,False,4.0,2,0,5.0
2025_03_CIN_MIN,2025,REG,3,2025-09-21,CIN,MIN,10.0,48.0,False,False,True,False,-38.0,2,1,-33.0
2025_04_CIN_DEN,2025,REG,4,2025-09-29,CIN,DEN,3.0,28.0,False,False,True,False,-25.0,2,2,-58.0
2025_05_DET_CIN,2025,REG,5,2025-10-05,CIN,DET,24.0,37.0,True,False,True,False,-13.0,2,3,-71.0
2025_06_CIN_GB,2025,REG,6,2025-10-12,CIN,GB,18.0,27.0,False,False,True,False,-9.0,2,4,-80.0
2025_07_PIT_CIN,2025,REG,7,2025-10-16,CIN,PIT,33.0,31.0,True,True,False,False,2.0,3,4,-78.0
2025_08_NYJ_CIN,2025,REG,8,2025-10-26,CIN,NYJ,38.0,39.0,True,False,True,False,-1.0,3,5,-79.0
2025_09_CHI_CIN,2025,REG,9,2025-11-02,CIN,CHI,42.0,47.0,True,False,True,False,-5.0,3,6,-84.0
2025_11_CIN_PIT,2025,REG,11,2025-11-16,CIN,PIT,12.0,34.0,False,False,True,False,-22.0,3,7,-106.0
2025_12_NE_CIN,2025,REG,12,2025-11-23,CIN,NE,20.0,26.0,True,False,True,False,-6.0,3,8,-112.0
2025_13_CIN_BAL,2025,REG,13,2025-11-27,CIN,BAL,32.0,14.0,False,True,False,False,18.0,4,8,-94.0
2025_14_CIN_BUF,2025,REG,14,2025-12-07,CIN,BUF,34.0,39.0,False,False,True,False,-5.0,4,9,-99.0
2025_15_BAL_CIN,2025,REG,15,2025-12-14,CIN,BAL,0.0,24.0,True,False,True,False,-24.0,4,10,-123.0
2025_16_CIN_MIA,2025,REG,16,2025-12-21,CIN,MIA,45.0,21.0,False,True,False,False,24.0,5,10,-99.0
2025_17_ARI_CIN,2025,REG,17,2025-12-28,CIN,ARI,37.0,14.0,True,True,False,False,23.0,6,10,-76.0
2025_18_CLE_CIN,2025,REG,18,2026-01-04,CIN,CLE,18.0,20.0,True,False,True,False,-2.0,6,11,-78.0
2025_01_CIN_CLE,2025,REG,1,2025-09-07,CLE,CIN,16.0,17.0,True,False,True,False,-1.0,0,1,-1.0
2025_02_CLE_BAL,2025,REG,2,2025-09-14,CLE,BAL,17.0,41.0,False,False,True,False,-24.0,0,2,-25.0
2025_03_GB_CLE,2025,REG,3,2025-09-21,CLE,GB,13.0,10.0,True,True,False,False,3.0,1,2,-22.0
2025_04_CLE_DET,2025,REG,4,2025-09-28,CLE,DET,10.0,34.0,False,False,True,False,-24.0,1,3,-46.0
2025_05_MIN_CLE,2025,REG,5,2025-10-05,CLE,MIN,17.0,21.0,True,False,True,False,-4.0,1,4,-50.0
2025_06_CLE_PIT,2025,REG,6,2025-10-12,CLE,PIT,9.0,23.0,False,False,True,False,-14.0,1,5,-64.0
2025_07_MIA_CLE,2025,REG,7,2025-10-19,CLE,MIA,31.0,6.0,True,True,False,False,25.0,2,5,-39.0
2025_08_CLE_NE,2025,REG,8,2025-10-26,CLE,NE,13.0,32.0,False,False,True,False,-19.0,2,6,-58.0
2025_10_CLE_NYJ,2025,REG,10,2025-11-09,CLE,NYJ,20.0,27.0,False,False,True,False,-7.0,2,7,-65.0
2025_11_BAL_CLE,2025,REG,11,2025-11-16,CLE,BAL,16.0,23.0,True,False,True,False,-7.0,2,8,-72.0
2025_12_CLE_LV,2025,REG,12,2025-11-23,CLE,LV,24.0,10.0,False,True,False,False,14.0,3,8,-58.0
2025_13_SF_CLE,2025,REG,13,2025-11-30,CLE,SF,8.0,26.0,True,False,True,False,-18.0,3,9,-76.0
2025_14_TEN_CLE,2025,REG,14,2025-12-07,CLE,TEN,29.0,31.0,True,False,True,False,-2.0,3,10,-78.0
2025_15_CLE_CHI,2025,REG,15,2025-12-14,CLE,CHI,3.0,31.0,False,False,True,False,-28.0,3,11,-106.0
2025_16_BUF_CLE,2025,REG,16,2025-12-21,CLE,BUF,20.0,23.0,True,False,True,False,-3.0,3,12,-109.0
2025_17_PIT_CLE,2025,REG,17,2025-12-28,CLE,PIT,13.0,6.0,True,True,False,False,7.0,4,12,-102.0
2025_18_CLE_CIN,2025,REG,18,2026-01-04,CLE,CIN,20.0,18.0,False,True,False,False,2.0,5,12,-100.0
2025_01_DAL_PHI,2025,REG,1,2025-09-04,DAL,PHI,20.0,24.0,False,False,True,False,-4.0,0,1,-4.0
2025_02_NYG_DAL,2025,REG,2,2025-09-14,DAL,NYG,40.0,37.0,True,True,False,False,3.0,1,1,-1.0
2025_03_DAL_CHI,2025,REG,3,2025-09-21,DAL,CHI,14.0,31.0,False,False,True,False,-17.0,1,2,-18.0
2025_04_GB_DAL,2025,REG,4,2025-09-28,DAL,GB,40.0,40.0,True,False,False,True,0.0,1,2,-18.0
2025_05_DAL_NYJ,2025,REG,5,2025-10-05,DAL,NYJ,37.0,22.0,False,True,False,False,15.0,2,2,-3.0
2025_06_DAL_CAR,2025,REG,6,2025-10-12,DAL,CAR,27.0,30.0,False,False,True,False,-3.0,2,3,-6.0
2025_07_WAS_DAL,2025,REG,7,2025-10-19,DAL,WAS,44.0,22.0,True,True,False,False,22.0,3,3,16.0
2025_08_DAL_DEN,2025,REG,8,2025-10-26,DAL,DEN,24.0,44.0,False,False,True,False,-20.0,3,4,-4.0
2025_09_ARI_DAL,2025,REG,9,2025-11-03,DAL,ARI,17.0,27.0,True,False,True,False,-10.0,3,5,-14.0
2025_11_DAL_LV,2025,REG,11,2025-11-17,DAL,LV,33.0,16.0,False,True,False,False,17.0,4,5,3.0
2025_12_PHI_DAL,2025,REG,12,2025-11-23,DAL,PHI,24.0,21.0,True,True,False,False,3.0,5,5,6.0
2025_13_KC_DAL,2025,REG,13,2025-11-27,DAL,KC,31.0,28.0,True,True,False,False,3.0,6,5,9.0
2025_14_DAL_DET,2025,REG,14,2025-12-04,DAL,DET,30.0,44.0,False,False,True,False,-14.0,6,6,-5.0
2025_15_MIN_DAL,2025,REG,15,2025-12-14,DAL,MIN,26.0,34.0,True,False,True,False,-8.0,6,7,-13.0
2025_16_LAC_DAL,2025,REG,16,2025-12-21,DAL,LAC,17.0,34.0,True,False,True,False,-17.0,6,8,-30.0
2025_17_DAL_WAS,2025,REG,17,2025-12-25,DAL,WAS,30.0,23.0,False,True,False,False,7.0,7,8,-23.0
2025_18_DAL_NYG,2025,REG,18,2026-01-04,DAL,NYG,17.0,34.0,False,False,True,False,-17.0,7,9,-40.0
2025_01_TEN_DEN,2025,REG,1,2025-09-07,DEN,TEN,20.0,12.0,True,True,False,False,8.0,1,0,8.0
2025_02_DEN_IND,2025,REG,2,2025-09-14,DEN,IND,28.0,29.0,False,False,True,False,-1.0,1,1,7.0
2025_03_DEN_LAC,2025,REG,3,2025-09-21,DEN,LAC,20.0,23.0,False,False,True,False,-3.0,1,2,4.0
2025_04_CIN_DEN,2025,REG,4,2025-09-29,DEN,CIN,28.0,3.0,True,True,False,False,25.0,2,2,29.0
2025_05_DEN_PHI,2025,REG,5,2025-10-05,DEN,PHI,21.0,17.0,False,True,False,False,4.0,3,2,33.0
2025_06_DEN_NYJ,2025,REG,6,2025-10-12,DEN,NYJ,13.0,11.0,False,True,False,False,2.0,4,2,35.0
2025_07_NYG_DEN,2025,REG,7,2025-10-19,DEN,NYG,33.0,32.0,True,True,False,False,1.0,5,2,36.0
2025_08_DAL_DEN,2025,REG,8,2025-10-26,DEN,DAL,44.0,24.0,True,True,False,False,20.0,6,2,56.0
2025_09_DEN_HOU,2025,REG,9,2025-11-02,DEN,HOU,18.0,15.0,False,True,False,False,3.0,7,2,59.0
2025_10_LV_DEN,2025,REG,10,2025-11-06,DEN,LV,10.0,7.0,True,True,False,False,3.0,8,2,62.0
2025_11_KC_DEN,2025,REG,11,2025-11-16,DEN,KC,22.0,19.0,True,True,False,False,3.0,9,2,65.0
2025_13_DEN_WAS,2025,REG,13,2025-11-30,DEN,WAS,27.0,26.0,False,True,False,False,1.0,10,2,66.0
2025_14_DEN_LV,2025,REG,14,2025-12-07,DEN,LV,24.0,17.0,False,True,False,False,7.0,11,2,73.0
2025_15_GB_DEN,2025,REG,15,2025-12-14,DEN,GB,34.0,26.0,True,True,False,False,8.0,12,2,81.0
2025_16_JAX_DEN,2025,REG,16,2025-12-21,DEN,JAX,20.0,34.0,True,False,True,False,-14.0,12,3,67.0
2025_17_DEN_KC,2025,REG,17,2025-12-25,DEN,KC,20.0,13.0,False,True,False,False,7.0,13,3,74.0
2025_18_LAC_DEN,2025,REG,18,2026-01-04,DEN,LAC,19.0,3.0,True,True,False,False,16.0,14,3,90.0
2025_20_BUF_DEN,2025,DIV,20,2026-01-17,DEN,BUF,33.0,30.0,True,True,False,False,3.0,15,3,93.0
2025_21_NE_DEN,2025,CON,21,2026-01-25,DEN,NE,7.0,10.0,True,False,True,False,-3.0,15,4,90.0
2025_01_DET_GB,2025,REG,1,2025-09-07,DET,GB,13.0,27.0,False,False,True,False,-14.0,0,1,-14.0
2025_02_CHI_DET,2025,REG,2,2025-09-14,DET,CHI,52.0,21.0,True,True,False,False,31.0,1,1,17.0
2025_03_DET_BAL,2025,REG,3,2025-09-22,DET,BAL,38.0,30.0,False,True,False,False,8.0,2,1,25.0
2025_04_CLE_DET,2025,REG,4,2025-09-28,DET,CLE,34.0,10.0,True,True,False,False,24.0,3,1,49.0
2025_05_DET_CIN,2025,REG,5,2025-10-05,DET,CIN,37.0,24.0,False,True,False,False,13.0,4,1,62.0
2025_06_DET_KC,2025,REG,6,2025-10-12,DET,KC,17.0,30.0,False,False,True,False,-13.0,4,2,49.0
2025_07_TB_DET,2025,REG,7,2025-10-20,DET,TB,24.0,9.0,True,True,False,False,15.0,5,2,64.0
2025_09_MIN_DET,2025,REG,9,2025-11-02,DET,MIN,24.0,27.0,True,False,True,False,-3.0,5,3,61.0
2025_10_DET_WAS,2025,REG,10,2025-11-09,DET,WAS,44.0,22.0,False,True,False,False,22.0,6,3,83.0
2025_11_DET_PHI,2025,REG,11,2025-11-16,DET,PHI,9.0,16.0,False,False,True,False,-7.0,6,4,76.0
2025_12_NYG_DET,2025,REG,12,2025-11-23,DET,NYG,34.0,27.0,True,True,False,False,7.0,7,4,83.0
2025_13_GB_DET,2025,REG,13,2025-11-27,DET,GB,24.0,31.0,True,False,True,False,-7.0,7,5,76.0
2025_14_DAL_DET,2025,REG,14,2025-12-04,DET,DAL,44.0,30.0,True,True,False,False,14.0,8,5,90.0
2025_15_DET_LA,2025,REG,15,2025-12-14,DET,LA,34.0,41.0,False,False,True,False,-7.0,8,6,83.0
2025_16_PIT_DET,2025,REG,16,2025-12-21,DET,PIT,24.0,29.0,True,False,True,False,-5.0,8,7,78.0
2025_17_DET_MIN,2025,REG,17,2025-12-25,DET,MIN,10.0,23.0,False,False,True,False,-13.0,8,8,65.0
2025_18_DET_CHI,2025,REG,18,2026-01-04,DET,CHI,19.0,16.0,False,True,False,False,3.0,9,8,68.0
2025_01_DET_GB,2025,REG,1,2025-09-07,GB,DET,27.0,13.0,True,True,False,False,14.0,1,0,14.0
2025_02_WAS_GB,2025,REG,2,2025-09-11,GB,WAS,27.0,18.0,True,True,False,False,9.0,2,0,23.0
2025_03_GB_CLE,2025,REG,3,2025-09-21,GB,CLE,10.0,13.0,False,False,True,False,-3.0,2,1,20.0
2025_04_GB_DAL,2025,REG,4,2025-09-28,GB,DAL,40.0,40.0,False,False,False,True,0.0,2,1,20.0
2025_06_CIN_GB,2025,REG,6,2025-10-12,GB,CIN,27.0,18.0,True,True,False,False,9.0,3,1,29.0
2025_07_GB_ARI,2025,REG,7,2025-10-19,GB,ARI,27.0,23.0,False,True,False,False,4.0,4,1,33.0
2025_08_GB_PIT,2025,REG,8,2025-10-26,GB,PIT,35.0,25.0,False,True,False,False,10.0,5,1,43.0
2025_09_CAR_GB,2025,REG,9,2025-11-02,GB,CAR,13.0,16.0,True,False,True,False,-3.0,5,2,40.0
2025_10_PHI_GB,2025,REG,10,2025-11-10,GB,PHI,7.0,10.0,True,False,True,False,-3.0,5,3,37.0
2025_11_GB_NYG,2025,REG,11,2025-11-16,GB,NYG,27.0,20.0,False,True,False,False,7.0,6,3,44.0
2025_12_MIN_GB,2025,REG,12,2025-11-23,GB,MIN,23.0,6.0,True,True,False,False,17.0,7,3,61.0
2025_13_GB_DET,2025,REG,13,2025-11-27,GB,DET,31.0,24.0,False,True,False,False,7.0,8,3,68.0
2025_14_CHI_GB,2025,REG,14,2025-12-07,GB,CHI,28.0,21.0,True,True,False,False,7.0,9,3,75.0
2025_15_GB_DEN,2025,REG,15,2025-12-14,GB,DEN,26.0,34.0,False,False,True,False,-8.0,9,4,67.0
2025_16_GB_CHI,2025,REG,16,2025-12-20,GB,CHI,16.0,22.0,False,False,True,False,-6.0,9,5,61.0
2025_17_BAL_GB,2025,REG,17,2025-12-27,GB,BAL,24.0,41.0,True,False,True,False,-17.0,9,6,44.0
2025_18_GB_MIN,2025,REG,18,2026-01-04,GB,MIN,3.0,16.0,False,False,True,False,-13.0,9,7,31.0
2025_19_GB_CHI,2025,WC,19,2026-01-10,GB,CHI,27.0,31.0,False,False,True,False,-4.0,9,8,27.0
2025_01_HOU_LA,2025,REG,1,2025-09-07,HOU,LA,9.0,14.0,False,False,True,False,-5.0,0,1,-5.0
2025_02_TB_HOU,2025,REG,2,2025-09-15,HOU,TB,19.0,20.0,True,False,True,False,-1.0,0,2,-6.0
2025_03_HOU_JAX,2025,REG,3,2025-09-21,HOU,JAX,10.0,17.0,False,False,True,False,-7.0,0,3,-13.0
2025_04_TEN_HOU,2025,REG,4,2025-09-28,HOU,TEN,26.0,0.0,True,True,False,False,26.0,1,3,13.0
2025_05_HOU_BAL,2025,REG,5,2025-10-05,HOU,BAL,44.0,10.0,False,True,False,False,34.0,2,3,47.0
2025_07_HOU_SEA,2025,REG,7,2025-10-20,HOU,SEA,19.0,27.0,False,False,True,False,-8.0,2,4,39.0
2025_08_SF_HOU,2025,REG,8,2025-10-26,HOU,SF,26.0,15.0,True,True,False,False,11.0,3,4,50.0
2025_09_DEN_HOU,2025,REG,9,2025-11-02,HOU,DEN,15.0,18.0,True,False,True,False,-3.0,3,5,47.0
2025_10_JAX_HOU,2025,REG,10,2025-11-09,HOU,JAX,36.0,29.0,True,True,False,False,7.0,4,5,54.0
2025_11_HOU_TEN,2025,REG,11,2025-11-16,HOU,TEN,16.0,13.0,False,True,False,False,3.0,5,5,57.0
2025_12_BUF_HOU,2025,REG,12,2025-11-20,HOU,BUF,23.0,19.0,True,True,False,False,4.0,6,5,61.0
2025_13_HOU_IND,2025,REG,13,2025-11-30,HOU,IND,20.0,16.0,False,True,False,False,4.0,7,5,65.0
2025_14_HOU_KC,2025,REG,14,2025-12-07,HOU,KC,20.0,10.0,False,True,False,False,10.0,8,5,75.0
2025_15_ARI_HOU,2025,REG,15,2025-12-14,HOU,ARI,40.0,20.0,True,True,False,False,20.0,9,5,95.0
2025_16_LV_HOU,2025,REG,16,2025-12-21,HOU,LV,23.0,21.0,True,True,False,False,2.0,10,5,97.0
2025_17_HOU_LAC,2025,REG,17,2025-12-27,HOU,LAC,20.0,16.0,False,True,False,False,4.0,11,5,101.0
2025_18_IND_HOU,2025,REG,18,2026-01-04,HOU,IND,38.0,30.0,True,True,False,False,8.0,12,5,109.0
2025_19_HOU_PIT,2025,WC,19,2026-01-12,HOU,PIT,30.0,6.0,False,True,False,False,24.0,13,5,133.0
2025_20_HOU_NE,2025,DIV,20,2026-01-18,HOU,NE,16.0,28.0,False,False,True,False,-12.0,13,6,121.0
2025_01_MIA_IND,2025,REG,1,2025-09-07,IND,MIA,33.0,8.0,True,True,False,False,25.0,1,0,25.0
2025_02_DEN_IND,2025,REG,2,2025-09-14,IND,DEN,29.0,28.0,True,True,False,False,1.0,2,0,26.0
2025_03_IND_TEN,2025,REG,3,2025-09-21,IND,TEN,41.0,20.0,False,True,False,False,21.0,3,0,47.0
2025_04_IND_LA,2025,REG,4,2025-09-28,IND,LA,20.0,27.0,False,False,True,False,-7.0,3,1,40.0
2025_05_LV_IND,2025,REG,5,2025-10-05,IND,LV,40.0,6.0,True,True,False,False,34.0,4,1,74.0
2025_06_ARI_IND,2025,REG,6,2025-10-12,IND,ARI,31.0,27.0,True,True,False,False,4.0,5,1,78.0
2025_07_IND_LAC,2025,REG,7,2025-10-19,IND,LAC,38.0,24.0,False,True,False,False,14.0,6,1,92.0
2025_08_TEN_IND,2025,REG,8,2025-10-26,IND,TEN,38.0,14.0,True,True,False,False,24.0,7,1,116.0
2025_09_IND_PIT,2025,REG,9,2025-11-02,IND,PIT,20.0,27.0,False,False,True,False,-7.0,7,2,109.0
2025_10_ATL_IND,2025,REG,10,2025-11-09,IND,ATL,31.0,25.0,True,True,False,False,6.0,8,2,115.0
2025_12_IND_KC,2025,REG,12,2025-11-23,IND,KC,20.0,23.0,False,False,True,False,-3.0,8,3,112.0
2025_13_HOU_IND,2025,REG,13,2025-11-30,IND,HOU,16.0,20.0,True,False,True,False,-4.0,8,4,108.0
2025_14_IND_JAX,2025,REG,14,2025-12-07,IND,JAX,19.0,36.0,False,False,True,False,-17.0,8,5,91.0
2025_15_IND_SEA,2025,REG,15,2025-12-14,IND,SEA,16.0,18.0,False,False,True,False,-2.0,8,6,89.0
2025_16_SF_IND,2025,REG,16,2025-12-22,IND,SF,27.0,48.0,True,False,True,False,-21.0,8,7,68.0
2025_17_JAX_IND,2025,REG,17,2025-12-28,IND,JAX,17.0,23.0,True,False,True,False,-6.0,8,8,62.0
2025_18_IND_HOU,2025,REG,18,2026-01-04,IND,HOU,30.0,38.0,False,False,True,False,-8.0,8,9,54.0
2025_01_CAR_JAX,2025,REG,1,2025-09-07,JAX,CAR,26.0,10.0,True,True,False,False,16.0,1,0,16.0
2025_02_JAX_CIN,2025,REG,2,2025-09-14,JAX,CIN,27.0,31.0,False,False,True,False,-4.0,1,1,12.0
2025_03_HOU_JAX,2025,REG,3,2025-09-21,JAX,HOU,17.0,10.0,True,True,False,False,7.0,2,1,19.0
2025_04_JAX_SF,2025,REG,4,2025-09-28,JAX,SF,26.0,21.0,False,True,False,False,5.0,3,1,24.0
2025_05_KC_JAX,2025,REG,5,2025-10-06,JAX,KC,31.0,28.0,True,True,False,False,3.0,4,1,27.0
2025_06_SEA_JAX,2025,REG,6,2025-10-12,JAX,SEA,12.0,20.0,True,False,True,False,-8.0,4,2,19.0
2025_07_LA_JAX,2025,REG,7,2025-10-19,JAX,LA,7.0,35.0,True,False,True,False,-28.0,4,3,-9.0
2025_09_JAX_LV,2025,REG,9,2025-11-02,JAX,LV,30.0,29.0,False,True,False,False,1.0,5,3,-8.0
2025_10_JAX_HOU,2025,REG,10,2025-11-09,JAX,HOU,29.0,36.0,False,False,True,False,-7.0,5,4,-15.0
2025_11_LAC_JAX,2025,REG,11,2025-11-16,JAX,LAC,35.0,6.0,True,True,False,False,29.0,6,4,14.0
2025_12_JAX_ARI,2025,REG,12,2025-11-23,JAX,ARI,27.0,24.0,False,True,False,False,3.0,7,4,17.0
2025_13_JAX_TEN,2025,REG,13,2025-11-30,JAX,TEN,25.0,3.0,False,True,False,False,22.0,8,4,39.0
2025_14_IND_JAX,2025,REG,14,2025-12-07,JAX,IND,36.0,19.0,True,True,False,False,17.0,9,4,56.0
2025_15_NYJ_JAX,2025,REG,15,2025-12-14,JAX,NYJ,48.0,20.0,True,True,False,False,28.0,10,4,84.0
2025_16_JAX_DEN,2025,REG,16,2025-12-21,JAX,DEN,34.0,20.0,False,True,False,False,14.0,11,4,98.0
2025_17_JAX_IND,2025,REG,17,2025-12-28,JAX,IND,23.0,17.0,False,True,False,False,6.0,12,4,104.0
2025_18_TEN_JAX,2025,REG,18,2026-01-04,JAX,TEN,41.0,7.0,True,True,False,False,34.0,13,4,138.0
2025_19_BUF_JAX,2025,WC,19,2026-01-11,JAX,BUF,24.0,27.0,True,False,True,False,-3.0,13,5,135.0
2025_01_KC_LAC,2025,REG,1,2025-09-05,KC,LAC,21.0,27.0,False,False,True,False,-6.0,0,1,-6.0
2025_02_PHI_KC,2025,REG,2,2025-09-14,KC,PHI,17.0,20.0,True,False,True,False,-3.0,0,2,-9.0
2025_03_KC_NYG,2025,REG,3,2025-09-21,KC,NYG,22.0,9.0,False,True,False,False,13.0,1,2,4.0
2025_04_BAL_KC,2025,REG,4,2025-09-28,KC,BAL,37.0,20.0,True,True,False,False,17.0,2,2,21.0
2025_05_KC_JAX,2025,REG,5,2025-10-06,KC,JAX,28.0,31.0,False,False,True,False,-3.0,2,3,18.0
2025_06_DET_KC,2025,REG,6,2025-10-12,KC,DET,30.0,17.0,True,True,False,False,13.0,3,3,31.0
2025_07_LV_KC,2025,REG,7,2025-10-19,KC,LV,31.0,0.0,True,True,False,False,31.0,4,3,62.0
2025_08_WAS_KC,2025,REG,8,2025-10-27,KC,WAS,28.0,7.0,True,True,False,False,21.0,5,3,83.0
2025_09_KC_BUF,2025,REG,9,2025-11-02,KC,BUF,21.0,28.0,False,False,True,False,-7.0,5,4,76.0
2025_11_KC_DEN,2025,REG,11,2025-11-16,KC,DEN,19.0,22.0,False,False,True,False,-3.0,5,5,73.0
2025_12_IND_KC,2025,REG,12,2025-11-23,KC,IND,23.0,20.0,True,True,False,False,3.0,6,5,76.0
2025_13_KC_DAL,2025,REG,13,2025-11-27,KC,DAL,28.0,31.0,False,False,True,False,-3.0,6,6,73.0
2025_14_HOU_KC,2025,REG,14,2025-12-07,KC,HOU,10.0,20.0,True,False,True,False,-10.0,6,7,63.0
2025_15_LAC_KC,2025,REG,15,2025-12-14,KC,LAC,13.0,16.0,True,False,True,False,-3.0,6,8,60.0
2025_16_KC_TEN,2025,REG,16,2025-12-21,KC,TEN,9.0,26.0,False,False,True,False,-17.0,6,9,43.0
2025_17_DEN_KC,2025,REG,17,2025-12-25,KC,DEN,13.0,20.0,True,False,True,False,-7.0,6,10,36.0
2025_18_KC_LV,2025,REG,18,2026-01-04,KC,LV,12.0,14.0,False,False,True,False,-2.0,6,11,34.0
2025_01_HOU_LA,2025,REG,1,2025-09-07,LA,HOU,14.0,9.0,True,True,False,False,5.0,1,0,5.0
2025_02_LA_TEN,2025,REG,2,2025-09-14,LA,TEN,33.0,19.0,False,True,False,False,14.0,2,0,19.0
2025_03_LA_PHI,2025,REG,3,2025-09-21,LA,PHI,26.0,33.0,False,False,True,False,-7.0,2,1,12.0
2025_04_IND_LA,2025,REG,4,2025-09-28,LA,IND,27.0,20.0,True,True,False,False,7.0,3,1,19.0
2025_05_SF_LA,2025,REG,5,2025-10-02,LA,SF,23.0,26.0,True,False,True,False,-3.0,3,2,16.0
2025_06_LA_BAL,2025,REG,6,2025-10-12,LA,BAL,17.0,3.0,False,True,False,False,14.0,4,2,30.0
2025_07_LA_JAX,2025,REG,7,2025-10-19,LA,JAX,35.0,7.0,False,True,False,False,28.0,5,2,58.0
2025_09_NO_LA,2025,REG,9,2025-11-02,LA,NO,34.0,10.0,True,True,False,False,24.0,6,2,82.0
2025_10_LA_SF,2025,REG,10,2025-11-09,LA,SF,42.0,26.0,False,True,False,False,16.0,7,2,98.0
2025_11_SEA_LA,2025,REG,11,2025-11-16,LA,SEA,21.0,19.0,True,True,False,False,2.0,8,2,100.0
2025_12_TB_LA,2025,REG,12,2025-11-23,LA,TB,34.0,7.0,True,True,False,False,27.0,9,2,127.0
2025_13_LA_CAR,2025,REG,13,2025-11-30,LA,CAR,28.0,31.0,False,False,True,False,-3.0,9,3,124.0
2025_14_LA_ARI,2025,REG,14,2025-12-07,LA,ARI,45.0,17.0,False,True,False,False,28.0,10,3,152.0
2025_15_DET_LA,2025,REG,15,2025-12-14,LA,DET,41.0,34.0,True,True,False,False,7.0,11,3,159.0
2025_16_LA_SEA,2025,REG,16,2025-12-18,LA,SEA,37.0,38.0,False,False,True,False,-1.0,11,4,158.0
2025_17_LA_ATL,2025,REG,17,2025-12-29,LA,ATL,24.0,27.0,False,False,True,False,-3.0,11,5,155.0
2025_18_ARI_LA,2025,REG,18,2026-01-04,LA,ARI,37.0,20.0,True,True,False,False,17.0,12,5,172.0
2025_19_LA_CAR,2025,WC,19,2026-01-10,LA,CAR,34.0,31.0,False,True,False,False,3.0,13,5,175.0
2025_20_LA_CHI,2025,DIV,20,2026-01-18,LA,CHI,20.0,17.0,False,True,False,False,3.0,14,5,178.0
2025_21_LA_SEA,2025,CON,21,2026-01-25,LA,SEA,27.0,31.0,False,False,True,False,-4.0,14,6,174.0
2025_01_KC_LAC,2025,REG,1,2025-09-05,LAC,KC,27.0,21.0,True,True,False,False,6.0,1,0,6.0
2025_02_LAC_LV,2025,REG,2,2025-09-15,LAC,LV,20.0,9.0,False,True,False,False,11.0,2,0,17.0
2025_03_DEN_LAC,2025,REG,3,2025-09-21,LAC,DEN,23.0,20.0,True,True,False,False,3.0,3,0,20.0
2025_04_LAC_NYG,2025,REG,4,2025-09-28,LAC,NYG,18.0,21.0,False,False,True,False,-3.0,3,1,17.0
2025_05_WAS_LAC,2025,REG,5,2025-10-05,LAC,WAS,10.0,27.0,True,False,True,False,-17.0,3,2,0.0
2025_06_LAC_MIA,2025,REG,6,2025-10-12,LAC,MIA,29.0,27.0,False,True,False,False,2.0,4,2,2.0
2025_07_IND_LAC,2025,REG,7,2025-10-19,LAC,IND,24.0,38.0,True,False,True,False,-14.0,4,3,-12.0
2025_08_MIN_LAC,2025,REG,8,2025-10-23,LAC,MIN,37.0,10.0,True,True,False,False,27.0,5,3,15.0
2025_09_LAC_TEN,2025,REG,9,2025-11-02,LAC,TEN,27.0,20.0,False,True,False,False,7.0,6,3,22.0
2025_10_PIT_LAC,2025,REG,10,2025-11-09,LAC,PIT,25.0,10.0,True,True,False,False,15.0,7,3,37.0
2025_11_LAC_JAX,2025,REG,11,2025-11-16,LAC,JAX,6.0,35.0,False,False,True,False,-29.0,7,4,8.0
2025_13_LV_LAC,2025,REG,13,2025-11-30,LAC,LV,31.0,14.0,True,True,False,False,17.0,8,4,25.0
2025_14_PHI_LAC,2025,REG,14,2025-12-08,LAC,PHI,22.0,19.0,True,True,False,False,3.0,9,4,28.0
2025_15_LAC_KC,2025,REG,15,2025-12-14,LAC,KC,16.0,13.0,False,True,False,False,3.0,10,4,31.0
2025_16_LAC_DAL,2025,REG,16,2025-12-21,LAC,DAL,34.0,17.0,False,True,False,False,17.0,11,4,48.0
2025_17_HOU_LAC,2025,REG,17,2025-12-27,LAC,HOU,16.0,20.0,True,False,True,False,-4.0,11,5,44.0
2025_18_LAC_DEN,2025,REG,18,2026-01-04,LAC,DEN,3.0,19.0,False,False,True,False,-16.0,11,6,28.0
2025_19_LAC_NE,2025,WC,19,2026-01-11,LAC,NE,3.0,16.0,False,False,True,False,-13.0,11,7,15.0
2025_01_LV_NE,2025,REG,1,2025-09-07,LV,NE,20.0,13.0,False,True,False,False,7.0,1,0,7.0
2025_02_LAC_LV,2025,REG,2,2025-09-15,LV,LAC,9.0,20.0,True,False,True,False,-11.0,1,1,-4.0
2025_03_LV_WAS,2025,REG,3,2025-09-21,LV,WAS,24.0,41.0,False,False,True,False,-17.0,1,2,-21.0
2025_04_CHI_LV,2025,REG,4,2025-09-28,LV,CHI,24.0,25.0,True,False,True,False,-1.0,1,3,-22.0
2025_05_LV_IND,2025,REG,5,2025-10-05,LV,IND,6.0,40.0,False,False,True,False,-34.0,1,4,-56.0
2025_06_TEN_LV,2025,REG,6,2025-10-12,LV,TEN,20.0,10.0,True,True,False,False,10.0,2,4,-46.0
2025_07_LV_KC,2025,REG,7,2025-10-19,LV,KC,0.0,31.0,False,False,True,False,-31.0,2,5,-77.0
2025_09_JAX_LV,2025,REG,9,2025-11-02,LV,JAX,29.0,30.0,True,False,True,False,-1.0,2,6,-78.0
2025_10_LV_DEN,2025,REG,10,2025-11-06,LV,DEN,7.0,10.0,False,False,True,False,-3.0,2,7,-81.0
2025_11_DAL_LV,2025,REG,11,2025-11-17,LV,DAL,16.0,33.0,True,False,True,False,-17.0,2,8,-98.0
2025_12_CLE_LV,2025,REG,12,2025-11-23,LV,CLE,10.0,24.0,True,False,True,False,-14.0,2,9,-112.0
2025_13_LV_LAC,2025,REG,13,2025-11-30,LV,LAC,14.0,31.0,False,False,True,False,-17.0,2,10,-129.0
2025_14_DEN_LV,2025,REG,14,2025-12-07,LV,DEN,17.0,24.0,True,False,True,False,-7.0,2,11,-136.0
2025_15_LV_PHI,2025,REG,15,2025-12-14,LV,PHI,0.0,31.0,False,False,True,False,-31.0,2,12,-167.0
2025_16_LV_HOU,2025,REG,16,2025-12-21,LV,HOU,21.0,23.0,False,False,True,False,-2.0,2,13,-169.0
2025_17_NYG_LV,2025,REG,17,2025-12-28,LV,NYG,10.0,34.0,True,False,True,False,-24.0,2,14,-193.0
2025_18_KC_LV,2025,REG,18,2026-01-04,LV,KC,14.0,12.0,True,True,False,False,2.0,3,14,-191.0
2025_01_MIA_IND,2025,REG,1,2025-09-07,MIA,IND,8.0,33.0,False,False,True,False,-25.0,0,1,-25.0
2025_02_NE_MIA,2025,REG,2,2025-09-14,MIA,NE,27.0,33.0,True,False,True,False,-6.0,0,2,-31.0
2025_03_MIA_BUF,2025,REG,3,2025-09-18,MIA,BUF,21.0,31.0,False,False,True,False,-10.0,0,3,-41.0
2025_04_NYJ_MIA,2025,REG,4,2025-09-29,MIA,NYJ,27.0,21.0,True,True,False,False,6.0,1,3,-35.0
2025_05_MIA_CAR,2025,REG,5,2025-10-05,MIA,CAR,24.0,27.0,False,False,True,False,-3.0,1,4,-38.0
2025_06_LAC_MIA,2025,REG,6,2025-10-12,MIA,LAC,27.0,29.0,True,False,True,False,-2.0,1,5,-40.0
2025_07_MIA_CLE,2025,REG,7,2025-10-19,MIA,CLE,6.0,31.0,False,False,True,False,-25.0,1,6,-65.0
2025_08_MIA_ATL,2025,REG,8,2025-10-26,MIA,ATL,34.0,10.0,False,True,False,False,24.0,2,6,-41.0
2025_09_BAL_MIA,2025,REG,9,2025-10-30,MIA,BAL,6.0,28.0,True,False,True,False,-22.0,2,7,-63.0
2025_10_BUF_MIA,2025,REG,10,2025-11-09,MIA,BUF,30.0,13.0,True,True,False,False,17.0,3,7,-46.0
2025_11_WAS_MIA,2025,REG,11,2025-11-16,MIA,WAS,16.0,13.0,True,True,False,False,3.0,4,7,-43.0
2025_13_NO_MIA,2025,REG,13,2025-11-30,MIA,NO,21.0,17.0,True,True,False,False,4.0,5,7,-39.0
2025_14_MIA_NYJ,2025,REG,14,2025-12-07,MIA,NYJ,34.0,10.0,False,True,False,False,24.0,6,7,-15.0
2025_15_MIA_PIT,2025,REG,15,2025-12-15,MIA,PIT,15.0,28.0,False,False,True,False,-13.0,6,8,-28.0
2025_16_CIN_MIA,2025,REG,16,2025-12-21,MIA,CIN,21.0,45.0,True,False,True,False,-24.0,6,9,-52.0
2025_17_TB_MIA,2025,REG,17,2025-12-28,MIA,TB,20.0,17.0,True,True,False,False,3.0,7,9,-49.0
2025_18_MIA_NE,2025,REG,18,2026-01-04,MIA,NE,10.0,38.0,False,False,True,False,-28.0,7,10,-77.0
2025_01_MIN_CHI,2025,REG,1,2025-09-08,MIN,CHI,27.0,24.0,False,True,False,False,3.0,1,0,3.0
2025_02_ATL_MIN,2025,REG,2,2025-09-14,MIN,ATL,6.0,22.0,True,False,True,False,-16.0,1,1,-13.0
2025_03_CIN_MIN,2025,REG,3,2025-09-21,MIN,CIN,48.0,10.0,True,True,False,False,38.0,2,1,25.0
2025_04_MIN_PIT,2025,REG,4,2025-09-28,MIN,PIT,21.0,24.0,False,False,True,False,-3.0,2,2,22.0
2025_05_MIN_CLE,2025,REG,5,2025-10-05,MIN,CLE,21.0,17.0,False,True,False,False,4.0,3,2,26.0
2025_07_PHI_MIN,2025,REG,7,2025-10-19,MIN,PHI,22.0,28.0,True,False,True,False,-6.0,3,3,20.0
2025_08_MIN_LAC,2025,REG,8,2025-10-23,MIN,LAC,10.0,37.0,False,False,True,False,-27.0,3,4,-7.0
2025_09_MIN_DET,2025,REG,9,2025-11-02,MIN,DET,27.0,24.0,False,True,False,False,3.0,4,4,-4.0
2025_10_BAL_MIN,2025,REG,10,2025-11-09,MIN,BAL,19.0,27.0,True,False,True,False,-8.0,4,5,-12.0
2025_11_CHI_MIN,2025,REG,11,2025-11-16,MIN,CHI,17.0,19.0,True,False,True,False,-2.0,4,6,-14.0
2025_12_MIN_GB,2025,REG,12,2025-11-23,MIN,GB,6.0,23.0,False,False,True,False,-17.0,4,7,-31.0
2025_13_MIN_SEA,2025,REG,13,2025-11-30,MIN,SEA,0.0,26.0,False,False,True,False,-26.0,4,8,-57.0
2025_14_WAS_MIN,2025,REG,14,2025-12-07,MIN,WAS,31.0,0.0,True,True,False,False,31.0,5,8,-26.0
2025_15_MIN_DAL,2025,REG,15,2025-12-14,MIN,DAL,34.0,26.0,False,True,False,False,8.0,6,8,-18.0
2025_16_MIN_NYG,2025,REG,16,2025-12-21,MIN,NYG,16.0,13.0,False,True,False,False,3.0,7,8,-15.0
2025_17_DET_MIN,2025,REG,17,2025-12-25,MIN,DET,23.0,10.0,True,True,False,False,13.0,8,8,-2.0
2025_18_GB_MIN,2025,REG,18,2026-01-04,MIN,GB,16.0,3.0,True,True,False,False,13.0,9,8,11.0
2025_01_LV_NE,2025,REG,1,2025-09-07,NE,LV,13.0,20.0,True,False,True,False,-7.0,0,1,-7.0
2025_02_NE_MIA,2025,REG,2,2025-09-14,NE,MIA,33.0,27.0,False,True,False,False,6.0,1,1,-1.0
2025_03_PIT_NE,2025,REG,3,2025-09-21,NE,PIT,14.0,21.0,True,False,True,False,-7.0,1,2,-8.0
2025_04_CAR_NE,2025,REG,4,2025-09-28,NE,CAR,42.0,13.0,True,True,False,False,29.0,2,2,21.0
2025_05_NE_BUF,2025,REG,5,2025-10-05,NE,BUF,23.0,20.0,False,True,False,False,3.0,3,2,24.0
2025_06_NE_NO,2025,REG,6,2025-10-12,NE,NO,25.0,19.0,False,True,False,False,6.0,4,2,30.0
2025_07_NE_TEN,2025,REG,7,2025-10-19,NE,TEN,31.0,13.0,False,True,False,False,18.0,5,2,48.0
2025_08_CLE_NE,2025,REG,8,2025-10-26,NE,CLE,32.0,13.0,True,True,False,False,19.0,6,2,67.0
2025_09_ATL_NE,2025,REG,9,2025-11-02,NE,ATL,24.0,23.0,True,True,False,False,1.0,7,2,68.0
2025_10_NE_TB,2025,REG,10,2025-11-09,NE,TB,28.0,23.0,False,True,False,False,5.0,8,2,73.0
2025_11_NYJ_NE,2025,REG,11,2025-11-13,NE,NYJ,27.0,14.0,True,True,False,False,13.0,9,2,86.0
2025_12_NE_CIN,2025,REG,12,2025-11-23,NE,CIN,26.0,20.0,False,True,False,False,6.0,10,2,92.0
2025_13_NYG_NE,2025,REG,13,2025-12-01,NE,NYG,33.0,15.0,True,True,False,False,18.0,11,2,110.0
2025_15_BUF_NE,2025,REG,15,2025-12-14,NE,BUF,31.0,35.0,True,False,True,False,-4.0,11,3,106.0
2025_16_NE_BAL,2025,REG,16,2025-12-21,NE,BAL,28.0,24.0,False,True,False,False,4.0,12,3,110.0
2025_17_NE_NYJ,2025,REG,17,2025-12-28,NE,NYJ,42.0,10.0,False,True,False,False,32.0,13,3,142.0
2025_18_MIA_NE,2025,REG,18,2026-01-04,NE,MIA,38.0,10.0,True,True,False,False,28.0,14,3,170.0
2025_19_LAC_NE,2025,WC,19,2026-01-11,NE,LAC,16.0,3.0,True,True,False,False,13.0,15,3,183.0
2025_20_HOU_NE,2025,DIV,20,2026-01-18,NE,HOU,28.0,16.0,True,True,False,False,12.0,16,3,195.0
2025_21_NE_DEN,2025,CON,21,2026-01-25,NE,DEN,10.0,7.0,False,True,False,False,3.0,17,3,198.0
2025_22_SEA_NE,2025,SB,22,2026-02-08,NE,SEA,13.0,29.0,True,False,True,False,-16.0,17,4,182.0
2025_01_ARI_NO,2025,REG,1,2025-09-07,NO,ARI,13.0,20.0,True,False,True,False,-7.0,0,1,-7.0
2025_02_SF_NO,2025,REG,2,2025-09-14,NO,SF,21.0,26.0,True,False,True,False,-5.0,0,2,-12.0
2025_03_NO_SEA,2025,REG,3,2025-09-21,NO,SEA,13.0,44.0,False,False,True,False,-31.0,0,3,-43.0
2025_04_NO_BUF,2025,REG,4,2025-09-28,NO,BUF,19.0,31.0,False,False,True,False,-12.0,0,4,-55.0
2025_05_NYG_NO,2025,REG,5,2025-10-05,NO,NYG,26.0,14.0,True,True,False,False,12.0,1,4,-43.0
2025_06_NE_NO,2025,REG,6,2025-10-12,NO,NE,19.0,25.0,True,False,True,False,-6.0,1,5,-49.0
2025_07_NO_CHI,2025,REG,7,2025-10-19,NO,CHI,14.0,26.0,False,False,True,False,-12.0,1,6,-61.0
2025_08_TB_NO,2025,REG,8,2025-10-26,NO,TB,3.0,23.0,True,False,True,False,-20.0,1,7,-81.0
2025_09_NO_LA,2025,REG,9,2025-11-02,NO,LA,10.0,34.0,False,False,True,False,-24.0,1,8,-105.0
2025_10_NO_CAR,2025,REG,10,2025-11-09,NO,CAR,17.0,7.0,False,True,False,False,10.0,2,8,-95.0
2025_12_ATL_NO,2025,REG,12,2025-11-23,NO,ATL,10.0,24.0,True,False,True,False,-14.0,2,9,-109.0
2025_13_NO_MIA,2025,REG,13,2025-11-30,NO,MIA,17.0,21.0,False,False,True,False,-4.0,2,10,-113.0
2025_14_NO_TB,2025,REG,14,2025-12-07,NO,TB,24.0,20.0,False,True,False,False,4.0,3,10,-109.0
2025_15_CAR_NO,2025,REG,15,2025-12-14,NO,CAR,20.0,17.0,True,True,False,False,3.0,4,10,-106.0
2025_16_NYJ_NO,2025,REG,16,2025-12-21,NO,NYJ,29.0,6.0,True,True,False,False,23.0,5,10,-83.0
2025_17_NO_TEN,2025,REG,17,2025-12-28,NO,TEN,34.0,26.0,False,True,False,False,8.0,6,10,-75.0
2025_18_NO_ATL,2025,REG,18,2026-01-04,NO,ATL,17.0,19.0,False,False,True,False,-2.0,6,11,-77.0
2025_01_NYG_WAS,2025,REG,1,2025-09-07,NYG,WAS,6.0,21.0,False,False,True,False,-15.0,0,1,-15.0
2025_02_NYG_DAL,2025,REG,2,2025-09-14,NYG,DAL,37.0,40.0,False,False,True,False,-3.0,0,2,-18.0
2025_03_KC_NYG,2025,REG,3,2025-09-21,NYG,KC,9.0,22.0,True,False,True,False,-13.0,0,3,-31.0
2025_04_LAC_NYG,2025,REG,4,2025-09-28,NYG,LAC,21.0,18.0,True,True,False,False,3.0,1,3,-28.0
2025_05_NYG_NO,2025,REG,5,2025-10-05,NYG,NO,14.0,26.0,False,False,True,False,-12.0,1,4,-40.0
2025_06_PHI_NYG,2025,REG,6,2025-10-09,NYG,PHI,34.0,17.0,True,True,False,False,17.0,2,4,-23.0
2025_07_NYG_DEN,2025,REG,7,2025-10-19,NYG,DEN,32.0,33.0,False,False,True,False,-1.0,2,5,-24.0
2025_08_NYG_PHI,2025,REG,8,2025-10-26,NYG,PHI,20.0,38.0,False,False,True,False,-18.0,2,6,-42.0
2025_09_SF_NYG,2025,REG,9,2025-11-02,NYG,SF,24.0,34.0,True,False,True,False,-10.0,2,7,-52.0
2025_10_NYG_CHI,2025,REG,10,2025-11-09,NYG,CHI,20.0,24.0,False,False,True,False,-4.0,2,8,-56.0
2025_11_GB_NYG,2025,REG,11,2025-11-16,NYG,GB,20.0,27.0,True,False,True,False,-7.0,2,9,-63.0
2025_12_NYG_DET,2025,REG,12,2025-11-23,NYG,DET,27.0,34.0,False,False,True,False,-7.0,2,10,-70.0
2025_13_NYG_NE,2025,REG,13,2025-12-01,NYG,NE,15.0,33.0,False,False,True,False,-18.0,2,11,-88.0
2025_15_WAS_NYG,2025,REG,15,2025-12-14,NYG,WAS,21.0,29.0,True,False,True,False,-8.0,2,12,-96.0
2025_16_MIN_NYG,2025,REG,16,2025-12-21,NYG,MIN,13.0,16.0,True,False,True,False,-3.0,2,13,-99.0
2025_17_NYG_LV,2025,REG,17,2025-12-28,NYG,LV,34.0,10.0,False,True,False,False,24.0,3,13,-75.0
2025_18_DAL_NYG,2025,REG,18,2026-01-04,NYG,DAL,34.0,17.0,True,True,False,False,17.0,4,13,-58.0
2025_01_PIT_NYJ,2025,REG,1,2025-09-07,NYJ,PIT,32.0,34.0,True,False,True,False,-2.0,0,1,-2.0
2025_02_BUF_NYJ,2025,REG,2,2025-09-14,NYJ,BUF,10.0,30.0,True,False,True,False,-20.0,0,2,-22.0
2025_03_NYJ_TB,2025,REG,3,2025-09-21,NYJ,TB,27.0,29.0,False,False,True,False,-2.0,0,3,-24.0
2025_04_NYJ_MIA,2025,REG,4,2025-09-29,NYJ,MIA,21.0,27.0,False,False,True,False,-6.0,0,4,-30.0
2025_05_DAL_NYJ,2025,REG,5,2025-10-05,NYJ,DAL,22.0,37.0,True,False,True,False,-15.0,0,5,-45.0
2025_06_DEN_NYJ,2025,REG,6,2025-10-12,NYJ,DEN,11.0,13.0,True,False,True,False,-2.0,0,6,-47.0
2025_07_CAR_NYJ,2025,REG,7,2025-10-19,NYJ,CAR,6.0,13.0,True,False,True,False,-7.0,0,7,-54.0
2025_08_NYJ_CIN,2025,REG,8,2025-10-26,NYJ,CIN,39.0,38.0,False,True,False,False,1.0,1,7,-53.0
2025_10_CLE_NYJ,2025,REG,10,2025-11-09,NYJ,CLE,27.0,20.0,True,True,False,False,7.0,2,7,-46.0
2025_11_NYJ_NE,2025,REG,11,2025-11-13,NYJ,NE,14.0,27.0,False,False,True,False,-13.0,2,8,-59.0
2025_12_NYJ_BAL,2025,REG,12,2025-11-23,NYJ,BAL,10.0,23.0,False,False,True,False,-13.0,2,9,-72.0
2025_13_ATL_NYJ,2025,REG,13,2025-11-30,NYJ,ATL,27.0,24.0,True,True,False,False,3.0,3,9,-69.0
2025_14_MIA_NYJ,2025,REG,14,2025-12-07,NYJ,MIA,10.0,34.0,True,False,True,False,-24.0,3,10,-93.0
2025_15_NYJ_JAX,2025,REG,15,2025-12-14,NYJ,JAX,20.0,48.0,False,False,True,False,-28.0,3,11,-121.0
2025_16_NYJ_NO,2025,REG,16,2025-12-21,NYJ,NO,6.0,29.0,False,False,True,False,-23.0,3,12,-144.0
2025_17_NE_NYJ,2025,REG,17,2025-12-28,NYJ,NE,10.0,42.0,True,False,True,False,-32.0,3,13,-176.0
2025_18_NYJ_BUF,2025,REG,18,2026-01-04,NYJ,BUF,8.0,35.0,False,False,True,False,-27.0,3,14,-203.0
2025_01_DAL_PHI,2025,REG,1,2025-09-04,PHI,DAL,24.0,20.0,True,True,False,False,4.0,1,0,4.0
2025_02_PHI_KC,2025,REG,2,2025-09-14,PHI,KC,20.0,17.0,False,True,False,False,3.0,2,0,7.0
2025_03_LA_PHI,2025,REG,3,2025-09-21,PHI,LA,33.0,26.0,True,True,False,False,7.0,3,0,14.0
2025_04_PHI_TB,2025,REG,4,2025-09-28,PHI,TB,31.0,25.0,False,True,False,False,6.0,4,0,20.0
2025_05_DEN_PHI,2025,REG,5,2025-10-05,PHI,DEN,17.0,21.0,True,False,True,False,-4.0,4,1,16.0
2025_06_PHI_NYG,2025,REG,6,2025-10-09,PHI,NYG,17.0,34.0,False,False,True,False,-17.0,4,2,-1.0
2025_07_PHI_MIN,2025,REG,7,2025-10-19,PHI,MIN,28.0,22.0,False,True,False,False,6.0,5,2,5.0
2025_08_NYG_PHI,2025,REG,8,2025-10-26,PHI,NYG,38.0,20.0,True,True,False,False,18.0,6,2,23.0
2025_10_PHI_GB,2025,REG,10,2025-11-10,PHI,GB,10.0,7.0,False,True,False,False,3.0,7,2,26.0
2025_11_DET_PHI,2025,REG,11,2025-11-16,PHI,DET,16.0,9.0,True,True,False,False,7.0,8,2,33.0
2025_12_PHI_DAL,2025,REG,12,2025-11-23,PHI,DAL,21.0,24.0,False,False,True,False,-3.0,8,3,30.0
2025_13_CHI_PHI,2025,REG,13,2025-11-28,PHI,CHI,15.0,24.0,True,False,True,False,-9.0,8,4,21.0
2025_14_PHI_LAC,2025,REG,14,2025-12-08,PHI,LAC,19.0,22.0,False,False,True,False,-3.0,8,5,18.0
2025_15_LV_PHI,2025,REG,15,2025-12-14,PHI,LV,31.0,0.0,True,True,False,False,31.0,9,5,49.0
2025_16_PHI_WAS,2025,REG,16,2025-12-20,PHI,WAS,29.0,18.0,False,True,False,False,11.0,10,5,60.0
2025_17_PHI_BUF,2025,REG,17,2025-12-28,PHI,BUF,13.0,12.0,False,True,False,False,1.0,11,5,61.0
2025_18_WAS_PHI,2025,REG,18,2026-01-04,PHI,WAS,17.0,24.0,True,False,True,False,-7.0,11,6,54.0
2025_19_SF_PHI,2025,WC,19,2026-01-11,PHI,SF,19.0,23.0,True,False,True,False,-4.0,11,7,50.0
2025_01_PIT_NYJ,2025,REG,1,2025-09-07,PIT,NYJ,34.0,32.0,False,True,False,False,2.0,1,0,2.0
2025_02_SEA_PIT,2025,REG,2,2025-09-14,PIT,SEA,17.0,31.0,True,False,True,False,-14.0,1,1,-12.0
2025_03_PIT_NE,2025,REG,3,2025-09-21,PIT,NE,21.0,14.0,False,True,False,False,7.0,2,1,-5.0
2025_04_MIN_PIT,2025,REG,4,2025-09-28,PIT,MIN,24.0,21.0,True,True,False,False,3.0,3,1,-2.0
2025_06_CLE_PIT,2025,REG,6,2025-10-12,PIT,CLE,23.0,9.0,True,True,False,False,14.0,4,1,12.0
2025_07_PIT_CIN,2025,REG,7,2025-10-16,PIT,CIN,31.0,33.0,False,False,True,False,-2.0,4,2,10.0
2025_08_GB_PIT,2025,REG,8,2025-10-26,PIT,GB,25.0,35.0,True,False,True,False,-10.0,4,3,0.0
2025_09_IND_PIT,2025,REG,9,2025-11-02,PIT,IND,27.0,20.0,True,True,False,False,7.0,5,3,7.0
2025_10_PIT_LAC,2025,REG,10,2025-11-09,PIT,LAC,10.0,25.0,False,False,True,False,-15.0,5,4,-8.0
2025_11_CIN_PIT,2025,REG,11,2025-11-16,PIT,CIN,34.0,12.0,True,True,False,False,22.0,6,4,14.0
2025_12_PIT_CHI,2025,REG,12,2025-11-23,PIT,CHI,28.0,31.0,False,False,True,False,-3.0,6,5,11.0
2025_13_BUF_PIT,2025,REG,13,2025-11-30,PIT,BUF,7.0,26.0,True,False,True,False,-19.0,6,6,-8.0
2025_14_PIT_BAL,2025,REG,14,2025-12-07,PIT,BAL,27.0,22.0,False,True,False,False,5.0,7,6,-3.0
2025_15_MIA_PIT,2025,REG,15,2025-12-15,PIT,MIA,28.0,15.0,True,True,False,False,13.0,8,6,10.0
2025_16_PIT_DET,2025,REG,16,2025-12-21,PIT,DET,29.0,24.0,False,True,False,False,5.0,9,6,15.0
2025_17_PIT_CLE,2025,REG,17,2025-12-28,PIT,CLE,6.0,13.0,False,False,True,False,-7.0,9,7,8.0
2025_18_BAL_PIT,2025,REG,18,2026-01-04,PIT,BAL,26.0,24.0,True,True,False,False,2.0,10,7,10.0
2025_19_HOU_PIT,2025,WC,19,2026-01-12,PIT,HOU,6.0,30.0,True,False,True,False,-24.0,10,8,-14.0
2025_01_SF_SEA,2025,REG,1,2025-09-07,SEA,SF,13.0,17.0,True,False,True,False,-4.0,0,1,-4.0
2025_02_SEA_PIT,2025,REG,2,2025-09-14,SEA,PIT,31.0,17.0,False,True,False,False,14.0,1,1,10.0
2025_03_NO_SEA,2025,REG,3,2025-09-21,SEA,NO,44.0,13.0,True,True,False,False,31.0,2,1,41.0
2025_04_SEA_ARI,2025,REG,4,2025-09-25,SEA,ARI,23.0,20.0,False,True,False,False,3.0,3,1,44.0
2025_05_TB_SEA,2025,REG,5,2025-10-05,SEA,TB,35.0,38.0,True,False,True,False,-3.0,3,2,41.0
2025_06_SEA_JAX,2025,REG,6,2025-10-12,SEA,JAX,20.0,12.0,False,True,False,False,8.0,4,2,49.0
2025_07_HOU_SEA,2025,REG,7,2025-10-20,SEA,HOU,27.0,19.0,True,True,False,False,8.0,5,2,57.0
2025_09_SEA_WAS,2025,REG,9,2025-11-02,SEA,WAS,38.0,14.0,False,True,False,False,24.0,6,2,81.0
2025_10_ARI_SEA,2025,REG,10,2025-11-09,SEA,ARI,44.0,22.0,True,True,False,False,22.0,7,2,103.0
2025_11_SEA_LA,2025,REG,11,2025-11-16,SEA,LA,19.0,21.0,False,False,True,False,-2.0,7,3,101.0
2025_12_SEA_TEN,2025,REG,12,2025-11-23,SEA,TEN,30.0,24.0,False,True,False,False,6.0,8,3,107.0
2025_13_MIN_SEA,2025,REG,13,2025-11-30,SEA,MIN,26.0,0.0,True,True,False,False,26.0,9,3,133.0
2025_14_SEA_ATL,2025,REG,14,2025-12-07,SEA,ATL,37.0,9.0,False,True,False,False,28.0,10,3,161.0
2025_15_IND_SEA,2025,REG,15,2025-12-14,SEA,IND,18.0,16.0,True,True,False,False,2.0,11,3,163.0
2025_16_LA_SEA,2025,REG,16,2025-12-18,SEA,LA,38.0,37.0,True,True,False,False,1.0,12,3,164.0
2025_17_SEA_CAR,2025,REG,17,2025-12-28,SEA,CAR,27.0,10.0,False,True,False,False,17.0,13,3,181.0
2025_18_SEA_SF,2025,REG,18,2026-01-03,SEA,SF,13.0,3.0,False,True,False,False,10.0,14,3,191.0
2025_20_SF_SEA,2025,DIV,20,2026-01-17,SEA,SF,41.0,6.0,True,True,False,False,35.0,15,3,226.0
2025_21_LA_SEA,2025,CON,21,2026-01-25,SEA,LA,31.0,27.0,True,True,False,False,4.0,16,3,230.0
2025_22_SEA_NE,2025,SB,22,2026-02-08,SEA,NE,29.0,13.0,False,True,False,False,16.0,17,3,246.0
2025_01_SF_SEA,2025,REG,1,2025-09-07,SF,SEA,17.0,13.0,False,True,False,False,4.0,1,0,4.0
2025_02_SF_NO,2025,REG,2,2025-09-14,SF,NO,26.0,21.0,False,True,False,False,5.0,2,0,9.0
2025_03_ARI_SF,2025,REG,3,2025-09-21,SF,ARI,16.0,15.0,True,True,False,False,1.0,3,0,10.0
2025_04_JAX_SF,2025,REG,4,2025-09-28,SF,JAX,21.0,26.0,True,False,True,False,-5.0,3,1,5.0
2025_05_SF_LA,2025,REG,5,2025-10-02,SF,LA,26.0,23.0,False,True,False,False,3.0,4,1,8.0
2025_06_SF_TB,2025,REG,6,2025-10-12,SF,TB,19.0,30.0,False,False,True,False,-11.0,4,2,-3.0
2025_07_ATL_SF,2025,REG,7,2025-10-19,SF,ATL,20.0,10.0,True,True,False,False,10.0,5,2,7.0
2025_08_SF_HOU,2025,REG,8,2025-10-26,SF,HOU,15.0,26.0,False,False,True,False,-11.0,5,3,-4.0
2025_09_SF_NYG,2025,REG,9,2025-11-02,SF,NYG,34.0,24.0,False,True,False,False,10.0,6,3,6.0
2025_10_LA_SF,2025,REG,10,2025-11-09,SF,LA,26.0,42.0,True,False,True,False,-16.0,6,4,-10.0
2025_11_SF_ARI,2025,REG,11,2025-11-16,SF,ARI,41.0,22.0,False,True,False,False,19.0,7,4,9.0
2025_12_CAR_SF,2025,REG,12,2025-11-24,SF,CAR,20.0,9.0,True,True,False,False,11.0,8,4,20.0
2025_13_SF_CLE,2025,REG,13,2025-11-30,SF,CLE,26.0,8.0,False,True,False,False,18.0,9,4,38.0
2025_15_TEN_SF,2025,REG,15,2025-12-14,SF,TEN,37.0,24.0,True,True,False,False,13.0,10,4,51.0
2025_16_SF_IND,2025,REG,16,2025-12-22,SF,IND,48.0,27.0,False,True,False,False,21.0,11,4,72.0
2025_17_CHI_SF,2025,REG,17,2025-12-28,SF,CHI,42.0,38.0,True,True,False,False,4.0,12,4,76.0
2025_18_SEA_SF,2025,REG,18,2026-01-03,SF,SEA,3.0,13.0,True,False,True,False,-10.0,12,5,66.0
2025_19_SF_PHI,2025,WC,19,2026-01-11,SF,PHI,23.0,19.0,False,True,False,False,4.0,13,5,70.0
2025_20_SF_SEA,2025,DIV,20,2026-01-17,SF,SEA,6.0,41.0,False,False,True,False,-35.0,13,6,35.0
2025_01_TB_ATL,2025,REG,1,2025-09-07,TB,ATL,23.0,20.0,False,True,False,False,3.0,1,0,3.0
2025_02_TB_HOU,2025,REG,2,2025-09-15,TB,HOU,20.0,19.0,False,True,False,False,1.0,2,0,4.0
2025_03_NYJ_TB,2025,REG,3,2025-09-21,TB,NYJ,29.0,27.0,True,True,False,False,2.0,3,0,6.0
2025_04_PHI_TB,2025,REG,4,2025-09-28,TB,PHI,25.0,31.0,True,False,True,False,-6.0,3,1,0.0
2025_05_TB_SEA,2025,REG,5,2025-10-05,TB,SEA,38.0,35.0,False,True,False,False,3.0,4,1,3.0
2025_06_SF_TB,2025,REG,6,2025-10-12,TB,SF,30.0,19.0,True,True,False,False,11.0,5,1,14.0
2025_07_TB_DET,2025,REG,7,2025-10-20,TB,DET,9.0,24.0,False,False,True,False,-15.0,5,2,-1.0
2025_08_TB_NO,2025,REG,8,2025-10-26,TB,NO,23.0,3.0,False,True,False,False,20.0,6,2,19.0
2025_10_NE_TB,2025,REG,10,2025-11-09,TB,NE,23.0,28.0,True,False,True,False,-5.0,6,3,14.0
2025_11_TB_BUF,2025,REG,11,2025-11-16,TB,BUF,32.0,44.0,False,False,True,False,-12.0,6,4,2.0
2025_12_TB_LA,2025,REG,12,2025-11-23,TB,LA,7.0,34.0,False,False,True,False,-27.0,6,5,-25.0
2025_13_ARI_TB,2025,REG,13,2025-11-30,TB,ARI,20.0,17.0,True,True,False,False,3.0,7,5,-22.0
2025_14_NO_TB,2025,REG,14,2025-12-07,TB,NO,20.0,24.0,True,False,True,False,-4.0,7,6,-26.0
2025_15_ATL_TB,2025,REG,15,2025-12-11,TB,ATL,28.0,29.0,True,False,True,False,-1.0,7,7,-27.0
2025_16_TB_CAR,2025,REG,16,2025-12-21,TB,CAR,20.0,23.0,False,False,True,False,-3.0,7,8,-30.0
2025_17_TB_MIA,2025,REG,17,2025-12-28,TB,MIA,17.0,20.0,False,False,True,False,-3.0,7,9,-33.0
2025_18_CAR_TB,2025,REG,18,2026-01-03,TB,CAR,16.0,14.0,True,True,False,False,2.0,8,9,-31.0
2025_01_TEN_DEN,2025,REG,1,2025-09-07,TEN,DEN,12.0,20.0,False,False,True,False,-8.0,0,1,-8.0
2025_02_LA_TEN,2025,REG,2,2025-09-14,TEN,LA,19.0,33.0,True,False,True,False,-14.0,0,2,-22.0
2025_03_IND_TEN,2025,REG,3,2025-09-21,TEN,IND,20.0,41.0,True,False,True,False,-21.0,0,3,-43.0
2025_04_TEN_HOU,2025,REG,4,2025-09-28,TEN,HOU,0.0,26.0,False,False,True,False,-26.0,0,4,-69.0
2025_05_TEN_ARI,2025,REG,5,2025-10-05,TEN,ARI,22.0,21.0,False,True,False,False,1.0,1,4,-68.0
2025_06_TEN_LV,2025,REG,6,2025-10-12,TEN,LV,10.0,20.0,False,False,True,False,-10.0,1,5,-78.0
2025_07_NE_TEN,2025,REG,7,2025-10-19,TEN,NE,13.0,31.0,True,False,True,False,-18.0,1,6,-96.0
2025_08_TEN_IND,2025,REG,8,2025-10-26,TEN,IND,14.0,38.0,False,False,True,False,-24.0,1,7,-120.0
2025_09_LAC_TEN,2025,REG,9,2025-11-02,TEN,LAC,20.0,27.0,True,False,True,False,-7.0,1,8,-127.0
2025_11_HOU_TEN,2025,REG,11,2025-11-16,TEN,HOU,13.0,16.0,True,False,True,False,-3.0,1,9,-130.0
2025_12_SEA_TEN,2025,REG,12,2025-11-23,TEN,SEA,24.0,30.0,True,False,True,False,-6.0,1,10,-136.0
2025_13_JAX_TEN,2025,REG,13,2025-11-30,TEN,JAX,3.0,25.0,True,False,True,False,-22.0,1,11,-158.0
2025_14_TEN_CLE,2025,REG,14,2025-12-07,TEN,CLE,31.0,29.0,False,True,False,False,2.0,2,11,-156.0
2025_15_TEN_SF,2025,REG,15,2025-12-14,TEN,SF,24.0,37.0,False,False,True,False,-13.0,2,12,-169.0
2025_16_KC_TEN,2025,REG,16,2025-12-21,TEN,KC,26.0,9.0,True,True,False,False,17.0,3,12,-152.0
2025_17_NO_TEN,2025,REG,17,2025-12-28,TEN,NO,26.0,34.0,True,False,True,False,-8.0,3,13,-160.0
2025_18_TEN_JAX,2025,REG,18,2026-01-04,TEN,JAX,7.0,41.0,False,False,True,False,-34.0,3,14,-194.0
2025_01_NYG_WAS,2025,REG,1,2025-09-07,WAS,NYG,21.0,6.0,True,True,False,False,15.0,1,0,15.0
2025_02_WAS_GB,2025,REG,2,2025-09-11,WAS,GB,18.0,27.0,False,False,True,False,-9.0,1,1,6.0
2025_03_LV_WAS,2025,REG,3,2025-09-21,WAS,LV,41.0,24.0,True,True,False,False,17.0,2,1,23.0
2025_04_WAS_ATL,2025,REG,4,2025-09-28,WAS,ATL,27.0,34.0,False,False,True,False,-7.0,2,2,16.0
2025_05_WAS_LAC,2025,REG,5,2025-10-05,WAS,LAC,27.0,10.0,False,True,False,False,17.0,3,2,33.0
2025_06_CHI_WAS,2025,REG,6,2025-10-13,WAS,CHI,24.0,25.0,True,False,True,False,-1.0,3,3,32.0
2025_07_WAS_DAL,2025,REG,7,2025-10-19,WAS,DAL,22.0,44.0,False,False,True,False,-22.0,3,4,10.0
2025_08_WAS_KC,2025,REG,8,2025-10-27,WAS,KC,7.0,28.0,False,False,True,False,-21.0,3,5,-11.0
2025_09_SEA_WAS,2025,REG,9,2025-11-02,WAS,SEA,14.0,38.0,True,False,True,False,-24.0,3,6,-35.0
2025_10_DET_WAS,2025,REG,10,2025-11-09,WAS,DET,22.0,44.0,True,False,True,False,-22.0,3,7,-57.0
2025_11_WAS_MIA,2025,REG,11,2025-11-16,WAS,MIA,13.0,16.0,False,False,True,False,-3.0,3,8,-60.0
2025_13_DEN_WAS,2025,REG,13,2025-11-30,WAS,DEN,26.0,27.0,True,False,True,False,-1.0,3,9,-61.0
2025_14_WAS_MIN,2025,REG,14,2025-12-07,WAS,MIN,0.0,31.0,False,False,True,False,-31.0,3,10,-92.0
2025_15_WAS_NYG,2025,REG,15,2025-12-14,WAS,NYG,29.0,21.0,False,True,False,False,8.0,4,10,-84.0
2025_16_PHI_WAS,2025,REG,16,2025-12-20,WAS,PHI,18.0,29.0,True,False,True,False,-11.0,4,11,-95.0
2025_17_DAL_WAS,2025,REG,17,2025-12-25,WAS,DAL,23.0,30.0,True,False,True,False,-7.0,4,12,-102.0
2025_18_WAS_PHI,2025,REG,18,2026-01-04,WAS,PHI,24.0,17.0,False,True,False,False,7.0,5,12,-95.0
